name,system_id,security_status,position,constellation_id,constellation
KDG-TA,30000736,-0.1791473776102066,"{'x': 1.496622898682255e+17, 'y': 3.177018349844402e+16, 'z': -1.2669103383618976e+17}",20000108,IV-LWJ
KD-KPR,30000737,-0.41571804881095886,"{'x': 1.2447996841461104e+17, 'y': 4.8688530759194824e+16, 'z': -1.1922183699147173e+17}",20000108,IV-LWJ
PT-21C,30000738,-0.17672312259674072,"{'x': 1.628591162270863e+17, 'y': 2.9297330991139256e+16, 'z': -1.1995518774120114e+17}",20000108,IV-LWJ
Z182-R,30000739,-0.21554969251155853,"{'x': 1.466685020197113e+17, 'y': 3.0236121180778224e+16, 'z': -1.2449721282097128e+17}",20000108,IV-LWJ
EKPB-3,30000740,-0.35533231496810913,"{'x': 1.4617397599846547e+17, 'y': 3.4554936689739e+16, 'z': -1.1790767933371528e+17}",20000108,IV-LWJ
5M2-KP,30000741,-0.40012940764427185,"{'x': 1.3353762227303174e+17, 'y': 4.261255342590335e+16, 'z': -1.1962494706010462e+17}",20000108,IV-LWJ
TK-DLH,30000742,-0.3089953660964966,"{'x': 1.561521603978711e+17, 'y': 3.2549774187889228e+16, 'z': -1.16291612142338e+17}",20000108,IV-LWJ
C8H5-X,30000743,-0.1492839753627777,"{'x': 1.616452836417614e+17, 'y': -1.1591437351557088e+16, 'z': -1.2720567342740374e+17}",20000109,U-EUG7
O-7LAI,30000744,-0.08159470558166504,"{'x': 1.5666503434987056e+17, 'y': -4767417248796551.0, 'z': -1.1330309913992424e+17}",20000109,U-EUG7
7L3-JS,30000745,-0.11953868716955185,"{'x': 1.5876620346530365e+17, 'y': -1.231229591774736e+16, 'z': -1.1917534919100142e+17}",20000109,U-EUG7
WF4C-8,30000746,-0.17127710580825806,"{'x': 1.5331675035638314e+17, 'y': -1.5987872487494398e+16, 'z': -1.2410537341372318e+17}",20000109,U-EUG7
TZN-2V,30000747,-0.15267665684223175,"{'x': 1.5423522098541395e+17, 'y': -9165276508096502.0, 'z': -1.2923080236177194e+17}",20000109,U-EUG7
8EF-58,30000748,-0.279752641916275,"{'x': 1.476074246323762e+17, 'y': -1.8880263294495156e+16, 'z': -1.3754376859784317e+17}",20000109,U-EUG7
4DS-OI,30000749,-0.20063532888889313,"{'x': 1.583708327805522e+17, 'y': -1.3371014801883986e+16, 'z': -1.3359425514018458e+17}",20000109,U-EUG7
XQP-9C,30000750,-0.1550186276435852,"{'x': 1.6454922989880963e+17, 'y': -1.0246594505979284e+16, 'z': -1.3147567976812219e+17}",20000110,E-95ID
W-6GBI,30000751,-0.19777241349220276,"{'x': 1.7755492584933968e+17, 'y': -1.5904811638169082e+16, 'z': -1.378700145209381e+17}",20000110,E-95ID
XKH-6O,30000752,-0.1452237069606781,"{'x': 1.815968263612255e+17, 'y': -7995218162146539.0, 'z': -1.4121951974785298e+17}",20000110,E-95ID
S0U-MO,30000753,-0.25466227531433105,"{'x': 1.8140824141565597e+17, 'y': -1.8239777378027412e+16, 'z': -1.4738133457457133e+17}",20000110,E-95ID
F39H-1,30000754,-0.16961291432380676,"{'x': 1.8108321672598854e+17, 'y': -8829393243175586.0, 'z': -1.4518437955018678e+17}",20000110,E-95ID
V-QXXK,30000755,-0.23210394382476807,"{'x': 1.7860764388742662e+17, 'y': -1.7200539664637456e+16, 'z': -1.4291008954289349e+17}",20000110,E-95ID
2-Q4YG,30000756,-0.1103811264038086,"{'x': 1.6162956945562173e+17, 'y': -3278462839266579.0, 'z': -1.2955606246981614e+17}",20000111,8-4EFQ
2JT-3Q,30000757,-0.1021093800663948,"{'x': 1.5742056593808614e+17, 'y': 1445961155903713.0, 'z': -1.31293642400188e+17}",20000111,8-4EFQ
I3CR-F,30000758,-0.1598307490348816,"{'x': 1.4989591331871638e+17, 'y': -3337336106166013.0, 'z': -1.4182194101827026e+17}",20000111,8-4EFQ
7-JT09,30000759,-0.08875700831413269,"{'x': 1.544218490143185e+17, 'y': 1.3570438411539272e+16, 'z': -1.3293131659739162e+17}",20000111,8-4EFQ
AGCP-I,30000760,-0.14032046496868134,"{'x': 1.5041256868095814e+17, 'y': 2.1640270025656788e+16, 'z': -1.2609445388796886e+17}",20000111,8-4EFQ
M4-GJ6,30000761,-0.15692053735256195,"{'x': 1.4491154420291734e+17, 'y': -1706121103108972.0, 'z': -1.4168635466644394e+17}",20000111,8-4EFQ
5-2PQU,30000762,-0.08096009492874146,"{'x': 1.5906006462886707e+17, 'y': 8318302803622627.0, 'z': -1.3155307360539368e+17}",20000111,8-4EFQ
SN9-3Z,30000763,-0.14352230727672577,"{'x': 1.432781958211259e+17, 'y': 2901074788155288.0, 'z': -1.4040466269350779e+17}",20000111,8-4EFQ
6BJH-3,30000764,-0.054621804505586624,"{'x': 1.6670881223373792e+17, 'y': 1.5551810768549862e+16, 'z': -1.360390764350333e+17}",20000112,Z-ONUI
U-UTU9,30000765,-0.04209015890955925,"{'x': 1.7241978588730816e+17, 'y': 1.986044484130416e+16, 'z': -1.4413347129193213e+17}",20000112,Z-ONUI
1TG7-W,30000766,-0.059020280838012695,"{'x': 1.7400809576417818e+17, 'y': 1.196187390504872e+16, 'z': -1.4252654863844173e+17}",20000112,Z-ONUI
QYD-WK,30000767,-0.044586848467588425,"{'x': 1.6947478852646765e+17, 'y': 2.1522133782782724e+16, 'z': -1.3692725164366811e+17}",20000112,Z-ONUI
R959-U,30000768,-0.06072906404733658,"{'x': 1.7726375728506157e+17, 'y': 8976080314730465.0, 'z': -1.387241276126796e+17}",20000112,Z-ONUI
A-TJ0G,30000769,-0.08518928289413452,"{'x': 1.8134269207242915e+17, 'y': 8077204310392765.0, 'z': -1.4788289372425962e+17}",20000112,Z-ONUI
88A-RA,30000770,-0.2864100933074951,"{'x': 1.281841757780031e+17, 'y': 1.0549769288181746e+16, 'z': -1.3417743094665026e+17}",20000113,QA-P7J
8G-2FP,30000771,-0.21136106550693512,"{'x': 1.2926414350917272e+17, 'y': -3135250827934061.0, 'z': -1.224586135329955e+17}",20000113,QA-P7J
C-J6MT,30000772,-0.2887451648712158,"{'x': 1.2974467684256706e+17, 'y': 8872976434890478.0, 'z': -1.2530072564551534e+17}",20000113,QA-P7J
78-0R6,30000773,-0.2569041848182678,"{'x': 1.2473970860660982e+17, 'y': 4000080756859651.0, 'z': -1.3885209229027573e+17}",20000113,QA-P7J
MSG-BZ,30000774,-0.2762124240398407,"{'x': 1.1874342242470285e+17, 'y': 6232267243674778.0, 'z': -1.4513310245442317e+17}",20000113,QA-P7J
8-WYQZ,30000775,-0.23034243285655975,"{'x': 1.3173247722871389e+17, 'y': 3350968731114236.0, 'z': -1.2203897267031381e+17}",20000113,QA-P7J
4M-QXK,30000776,-0.14875927567481995,"{'x': 1.4257944423658723e+17, 'y': 4971953457650224.0, 'z': -1.2236465211762133e+17}",20000113,QA-P7J
X5-0EM,30000777,-0.2503766417503357,"{'x': 1.3534017771397054e+17, 'y': -1.5918067723806598e+16, 'z': -1.4369028122081269e+17}",20000114,UR-HG4
G-EURJ,30000778,-0.28631725907325745,"{'x': 1.3741084541781221e+17, 'y': -1.7794704373405238e+16, 'z': -1.4745565325734806e+17}",20000114,UR-HG4
SHBF-V,30000779,-0.2924154996871948,"{'x': 1.2472908534630122e+17, 'y': -2.573543949443664e+16, 'z': -1.4863108319723965e+17}",20000114,UR-HG4
RERZ-L,30000780,-0.22031761705875397,"{'x': 1.2970821640005373e+17, 'y': 1390598406914352.0, 'z': -1.3507552316015475e+17}",20000114,UR-HG4
0UBC-R,30000781,-0.21435664594173431,"{'x': 1.2118859684757962e+17, 'y': -1.0195076329929092e+16, 'z': -1.3799586043160021e+17}",20000114,UR-HG4
3U-48K,30000782,-0.21371611952781677,"{'x': 1.2402903895961014e+17, 'y': -5685671428283219.0, 'z': -1.4100387638665123e+17}",20000114,UR-HG4
EFM-C4,30000783,-0.4819140136241913,"{'x': 1.2178883313982765e+17, 'y': 4.994820163423607e+16, 'z': -1.050139248878486e+17}",20000115,0YMH-Q
YPW-M4,30000784,-0.5424412488937378,"{'x': 1.2255219239346882e+17, 'y': 2.583911474561491e+16, 'z': -1.1687322094452923e+17}",20000115,0YMH-Q
Q7-FZ8,30000785,-0.5464866161346436,"{'x': 1.2270656808562096e+17, 'y': 3.2157790321868064e+16, 'z': -1.0967609433635322e+17}",20000115,0YMH-Q
L5-UWT,30000786,-0.6511064171791077,"{'x': 1.170037825823769e+17, 'y': 3.0881173596126612e+16, 'z': -1.1603325503403576e+17}",20000115,0YMH-Q
74-VZA,30000787,-0.7233810424804688,"{'x': 1.076790832007757e+17, 'y': 3.5667334475718436e+16, 'z': -1.0924187223941517e+17}",20000115,0YMH-Q
I-1QKL,30000788,-0.5766921043395996,"{'x': 1.1824015649077992e+17, 'y': 3.912867421790648e+16, 'z': -1.102126278492606e+17}",20000115,0YMH-Q
GK5Z-T,30000789,-0.5284307599067688,"{'x': 1.0427891885168342e+17, 'y': 4590963533459775.0, 'z': -1.2624031037269285e+17}",20000116,0EA3-8
RQN-OO,30000790,-0.39050209522247314,"{'x': 1.0581907828539202e+17, 'y': -2119231139524425.0, 'z': -1.2717757034174094e+17}",20000116,0EA3-8
67Y-NR,30000791,-0.2562016546726227,"{'x': 1.086969004437513e+17, 'y': -9246078252050870.0, 'z': -1.3536405797981888e+17}",20000116,0EA3-8
GDHN-K,30000792,-0.36736607551574707,"{'x': 1.0068518162740542e+17, 'y': -4427585102432322.0, 'z': -1.2693030733111803e+17}",20000116,0EA3-8
QTME-D,30000793,-0.45274293422698975,"{'x': 1.0824961261903254e+17, 'y': 1897139337669943.0, 'z': -1.2557816636719158e+17}",20000116,0EA3-8
A24L-V,30000794,-0.47782182693481445,"{'x': 1.1607810226150672e+17, 'y': 9368791524235738.0, 'z': -1.279547751473267e+17}",20000116,0EA3-8
4CJ-AC,30000795,-0.20491591095924377,"{'x': 1.0962006472935019e+17, 'y': -1.6669048752733662e+16, 'z': -1.3964059718411907e+17}",20000116,0EA3-8
EUU-4N,30000796,-0.6807733774185181,"{'x': 1.5351871001621792e+17, 'y': -3.977972364775697e+16, 'z': -1.636101160086943e+17}",20000117,0-YMZM
Q-3HS5,30000797,-0.5788729190826416,"{'x': 1.4471096762677907e+17, 'y': -3.483284994344009e+16, 'z': -1.548119522101506e+17}",20000117,0-YMZM
3AE-CP,30000798,-0.6742307543754578,"{'x': 1.4435204267110454e+17, 'y': -4.200612019544909e+16, 'z': -1.59992483804823e+17}",20000117,0-YMZM
0-VG7A,30000799,-0.43049803376197815,"{'x': 1.4915268234817123e+17, 'y': -2.4270319713120716e+16, 'z': -1.5198675344688902e+17}",20000117,0-YMZM
9OLQ-6,30000800,-0.7859782576560974,"{'x': 1.4727279192463226e+17, 'y': -5.4576772428140136e+16, 'z': -1.6077149838993248e+17}",20000117,0-YMZM
MOCW-2,30000801,-0.816541314125061,"{'x': 1.5435744733641142e+17, 'y': -5.8163880645294264e+16, 'z': -1.568824580637232e+17}",20000117,0-YMZM
ZO-4AR,30000802,-0.29400694370269775,"{'x': 1.3107409991970989e+17, 'y': 1.2756145110303006e+16, 'z': -1.0796555810817715e+17}",20000118,N5V-Y0
MJ-LGH,30000803,-0.2591845393180847,"{'x': 1.3347361786407906e+17, 'y': 1.0569687919759026e+16, 'z': -1.1452674573482965e+17}",20000118,N5V-Y0
F2A-GX,30000804,-0.2610428035259247,"{'x': 1.3740401828087373e+17, 'y': 1.487480324662547e+16, 'z': -1.025228806383963e+17}",20000118,N5V-Y0
RD-FWY,30000805,-0.1849849373102188,"{'x': 1.4404577789458158e+17, 'y': 1.1099076473590764e+16, 'z': -1.002402553445614e+17}",20000118,N5V-Y0
VBPT-T,30000806,-0.31770604848861694,"{'x': 1.3661978034746264e+17, 'y': 1.8712268381393056e+16, 'z': -1.0609198720076923e+17}",20000118,N5V-Y0
KS-1TS,30000807,-0.44745495915412903,"{'x': 1.3540800767409187e+17, 'y': 2.4768039409613744e+16, 'z': -1.0172867420231672e+17}",20000118,N5V-Y0
X0-6LH,30000808,-0.7143096923828125,"{'x': 1.3893776991659854e+17, 'y': 3.629451515269222e+16, 'z': -1.0393436913906981e+17}",20000119,N-LY4R
FN0-QS,30000809,-0.8493747115135193,"{'x': 1.3863669906119579e+17, 'y': 3.985906324018048e+16, 'z': -9.953133662272272e+16}",20000119,N-LY4R
F3-8X2,30000810,-0.5421197414398193,"{'x': 1.2766463653902563e+17, 'y': 3.549830319096017e+16, 'z': -1.0784278735200978e+17}",20000119,N-LY4R
N7-BIY,30000811,-0.6463984251022339,"{'x': 1.4167093475366101e+17, 'y': 3.183885268911967e+16, 'z': -1.0289908678479355e+17}",20000119,N-LY4R
TTP-2B,30000812,-0.9331988096237183,"{'x': 1.431230403051185e+17, 'y': 4.292827206066805e+16, 'z': -9.826850020165624e+16}",20000119,N-LY4R
LVL-GZ,30000813,-0.959709644317627,"{'x': 1.4326473282469934e+17, 'y': 4.524278598830166e+16, 'z': -9.476989412868965e+16}",20000119,N-LY4R
EJ48-O,30000814,-0.10274890065193176,"{'x': 1.8412991488608464e+17, 'y': 3923742090241282.0, 'z': -1.4699633701800672e+17}",20000120,V2S-RH
ROJ-B0,30000815,-0.1909170150756836,"{'x': 1.9548236959010406e+17, 'y': -2809653694220311.0, 'z': -1.522214804214647e+17}",20000120,V2S-RH
DFH-V5,30000816,-0.32320281863212585,"{'x': 1.9907460602165142e+17, 'y': -9978588691485634.0, 'z': -1.601282761478447e+17}",20000120,V2S-RH
B-II34,30000817,-0.08644609898328781,"{'x': 1.943739162183708e+17, 'y': 1.085977456120738e+16, 'z': -1.4638008490969843e+17}",20000120,V2S-RH
4LB-EL,30000818,-0.3880960941314697,"{'x': 1.9363092066620243e+17, 'y': -7241694645637700.0, 'z': -1.7225013741889712e+17}",20000120,V2S-RH
UDE-FX,30000819,-0.410513699054718,"{'x': 1.9217551925561837e+17, 'y': -8917265246579890.0, 'z': -1.7623210920450352e+17}",20000120,V2S-RH
5IH-GL,30000820,-0.5092451572418213,"{'x': 2.014129592925687e+17, 'y': -1.577020687969282e+16, 'z': -1.7330038356233056e+17}",20000120,V2S-RH
C1G-XC,30000821,-0.564037024974823,"{'x': 2.0872292493829747e+17, 'y': -1.832388736880785e+16, 'z': -1.7152650503971443e+17}",20000120,V2S-RH
04-EHC,30000822,-0.5604053735733032,"{'x': 2.0188562081930253e+17, 'y': -1.5486333645761104e+16, 'z': -1.7811466279983782e+17}",20000120,V2S-RH
3-0FYP,30000823,-0.4918122887611389,"{'x': 2.1589414079585245e+17, 'y': -2.948271953881395e+16, 'z': -1.6982104502331587e+17}",20000120,V2S-RH
N-O53U,30000824,-0.4258575439453125,"{'x': 1.7847510326260512e+17, 'y': -2.882025168879686e+16, 'z': -1.582369532126519e+17}",20000121,FD-7Y4
HZ-O18,30000825,-0.4200596213340759,"{'x': 1.8529314720421206e+17, 'y': -3.2861192423042264e+16, 'z': -1.6013188099407296e+17}",20000121,FD-7Y4
D-P1EH,30000826,-0.537586510181427,"{'x': 1.7767691678196032e+17, 'y': -3.828522621036464e+16, 'z': -1.6868781385253632e+17}",20000121,FD-7Y4
74L2-U,30000827,-0.5299330353736877,"{'x': 1.7992169119240435e+17, 'y': -3.982605313198477e+16, 'z': -1.773019097986817e+17}",20000121,FD-7Y4
HL-VZX,30000828,-0.4957296550273895,"{'x': 1.886914282050557e+17, 'y': -3.6161208263716984e+16, 'z': -1.8396309143973802e+17}",20000121,FD-7Y4
38NZ-1,30000829,-0.5354515910148621,"{'x': 2.020862856772935e+17, 'y': -3.124053110825581e+16, 'z': -1.860588312156741e+17}",20000121,FD-7Y4
W-MF6J,30000830,-0.5135102272033691,"{'x': 1.9850320114081405e+17, 'y': -2.762965961365832e+16, 'z': -1.8193101765908867e+17}",20000121,FD-7Y4
O-9G5Y,30000831,-0.5209786891937256,"{'x': 1.6001940979767613e+17, 'y': 4.182164822204071e+16, 'z': -1.106826850588704e+17}",20000122,TL-FDN
27-HP0,30000832,-0.6407402753829956,"{'x': 1.631219462873248e+17, 'y': 4.9245624480631816e+16, 'z': -1.0616362064113314e+17}",20000122,TL-FDN
X1-IZ0,30000833,-0.5901914834976196,"{'x': 1.711719353263249e+17, 'y': 5.351148539279804e+16, 'z': -1.0286250127606506e+17}",20000122,TL-FDN
RZ-TI6,30000834,-0.765949547290802,"{'x': 1.6039007625210618e+17, 'y': 4.285208087549079e+16, 'z': -1.0085020265048365e+17}",20000122,TL-FDN
FX4L-2,30000835,-0.7557005882263184,"{'x': 1.625936818494152e+17, 'y': 4.026315968268027e+16, 'z': -9.78202339187593e+16}",20000122,TL-FDN
1ZF-PJ,30000836,-0.8623021841049194,"{'x': 1.6162213905884202e+17, 'y': 4.3028050284381624e+16, 'z': -9.210480938387029e+16}",20000122,TL-FDN
HFC-AQ,30000837,-0.9292927384376526,"{'x': 1.601820692788796e+17, 'y': 5.143448977021673e+16, 'z': -8.604997755938045e+16}",20000122,TL-FDN
0-6VZ5,30000838,-0.49915680289268494,"{'x': 1.485244680364756e+17, 'y': -3.2487512058028948e+16, 'z': -1.8317577835214077e+17}",20000123,R-CL2W
GB-6X5,30000839,-0.5246538519859314,"{'x': 1.4446644135636784e+17, 'y': -4.423880127787119e+16, 'z': -1.9390221107919773e+17}",20000123,R-CL2W
7EX-14,30000840,-0.5574444532394409,"{'x': 1.4784878746643997e+17, 'y': -4.9403232453375384e+16, 'z': -1.9654575502973456e+17}",20000123,R-CL2W
N7-KGJ,30000841,-0.593701958656311,"{'x': 1.6077600076905014e+17, 'y': -4.4376226837019784e+16, 'z': -1.9124277637912432e+17}",20000123,R-CL2W
VD-8QY,30000842,-0.5606207251548767,"{'x': 1.6684322149306314e+17, 'y': -3.26059871162316e+16, 'z': -2.014637655509616e+17}",20000123,R-CL2W
J-ZYSZ,30000843,-0.51255863904953,"{'x': 1.7640065414852118e+17, 'y': -2.3595329842018844e+16, 'z': -2.0164827481354928e+17}",20000123,R-CL2W
5C-RPA,30000844,-0.49794238805770874,"{'x': 1.8257534342526125e+17, 'y': -2.192881351369895e+16, 'z': -1.984638862484378e+17}",20000123,R-CL2W
CR2-PQ,30000845,-0.4993716776371002,"{'x': 1.8521969662683478e+17, 'y': -2.5603971001127056e+16, 'z': -1.9284204793058605e+17}",20000123,R-CL2W
EIN-QG,30000655,-0.10888729244470596,"{'x': 4.1931164461575896e+16, 'y': 1600771361984155.0, 'z': -1.4741046761590262e+17}",20000096,51ZT-6
ARG-3R,30000656,-0.042807091027498245,"{'x': 3.2808395312628092e+16, 'y': 5144243284615520.0, 'z': -1.3953521797083605e+17}",20000096,51ZT-6
S-E6ES,30000657,-0.11164984852075577,"{'x': 3.812274394209317e+16, 'y': -3394359414656193.0, 'z': -1.523081438628382e+17}",20000096,51ZT-6
R-3FBU,30000658,-0.057463087141513824,"{'x': 3.749310240577462e+16, 'y': -2875352626291862.0, 'z': -1.4221285346513899e+17}",20000096,51ZT-6
K7-LDX,30000659,-0.11302610486745834,"{'x': 4.042211337804478e+16, 'y': 2.8766747169023744e+16, 'z': -1.5490528093819357e+17}",20000096,51ZT-6
U-IVGH,30000660,-0.1052909716963768,"{'x': 3.849825486805161e+16, 'y': 1.9496349459352244e+16, 'z': -1.5045225141449024e+17}",20000096,51ZT-6
P-N5N9,30000661,-0.03155215457081795,"{'x': 3.2418840200710736e+16, 'y': 1309844739303993.0, 'z': -1.3534735797862853e+17}",20000096,51ZT-6
JMH-PT,30000662,-0.2164912074804306,"{'x': 5.1793191893684744e+16, 'y': 8713257426594076.0, 'z': -1.5111377744609677e+17}",20000096,51ZT-6
DE-A7P,30000663,-0.47282305359840393,"{'x': 6.244972739179381e+16, 'y': -446615946137965.0, 'z': -1.634986159139117e+17}",20000096,51ZT-6
X9V-15,30000664,-0.3162536919116974,"{'x': 5.961394215227747e+16, 'y': 1.1546327766664072e+16, 'z': -1.5512483813241667e+17}",20000096,51ZT-6
K212-A,30000665,-0.0649874359369278,"{'x': 3.63802790777028e+16, 'y': 1.2443520148140782e+16, 'z': -1.4199136878204947e+17}",20000096,51ZT-6
F-5FDA,30000666,-0.04680125415325165,"{'x': 3.747105031193985e+16, 'y': 5869317227996802.0, 'z': -1.2359564818432624e+17}",20000097,4YFT-F
S1-XTL,30000667,-0.10625464469194412,"{'x': 3.900671104465848e+16, 'y': 1.7444427874472828e+16, 'z': -1.2162554097098437e+17}",20000097,4YFT-F
9PX2-F,30000668,-0.06510130316019058,"{'x': 4.6182506528183656e+16, 'y': -1105898920461121.0, 'z': -1.267076455555274e+17}",20000097,4YFT-F
N3-JBX,30000669,-0.128504678606987,"{'x': 5.373205833407005e+16, 'y': 2559948703196414.0, 'z': -1.3286267738592506e+17}",20000097,4YFT-F
SG-75T,30000670,-0.291880339384079,"{'x': 6.5830057731146776e+16, 'y': 9207273083031928.0, 'z': -1.3281163570884682e+17}",20000097,4YFT-F
GN-PDU,30000671,-0.09029612690210342,"{'x': 5.010052172389142e+16, 'y': -4579157356155900.0, 'z': -1.3788597883889094e+17}",20000097,4YFT-F
AZ3F-N,30000672,-0.07888884842395782,"{'x': 3.2707934139289756e+16, 'y': 3.1189733396572696e+16, 'z': -1.2313158679030938e+17}",20000098,P-I9PF
RNM-Y6,30000673,-0.18134696781635284,"{'x': 3.706117563916748e+16, 'y': 2.6417349603355836e+16, 'z': -1.1628232046761851e+17}",20000098,P-I9PF
V-KDY2,30000674,-0.23486819863319397,"{'x': 3.615238291850184e+16, 'y': 3.001410864517331e+16, 'z': -1.1210310474936286e+17}",20000098,P-I9PF
FYD-TO,30000675,-0.02648150362074375,"{'x': 2.5802294278059576e+16, 'y': 3.3734340732082016e+16, 'z': -1.2722462461799864e+17}",20000098,P-I9PF
ER2O-Y,30000676,-0.04276556894183159,"{'x': 2.5908988524678332e+16, 'y': 2.7961174432494724e+16, 'z': -1.1958272622037515e+17}",20000098,P-I9PF
J2-PZ6,30000677,-0.3313389718532562,"{'x': 3.921322458140975e+16, 'y': 3.701268945021694e+16, 'z': -1.1085782172144976e+17}",20000098,P-I9PF
XV-MWG,30000678,-0.4145389497280121,"{'x': 6.882715615253251e+16, 'y': 1.4981541715385624e+16, 'z': -1.2673106969774997e+17}",20000099,ENP-SH
OAQY-M,30000679,-0.5270790457725525,"{'x': 8.194346202151966e+16, 'y': 2.6281082456293996e+16, 'z': -1.4153118443669154e+17}",20000099,ENP-SH
1V-LI2,30000680,-0.4285767674446106,"{'x': 8.95520707695412e+16, 'y': -605618822173467.0, 'z': -1.2528733621719654e+17}",20000099,ENP-SH
M9-MLR,30000681,-0.3965200185775757,"{'x': 9.352280132094421e+16, 'y': -1972689063314169.0, 'z': -1.3063449998076514e+17}",20000099,ENP-SH
Q-K2T7,30000682,-0.4581816494464874,"{'x': 7.940715120564168e+16, 'y': 6844503001304612.0, 'z': -1.2888585538051246e+17}",20000099,ENP-SH
LBC-AW,30000683,-0.5974887609481812,"{'x': 8.117763087353354e+16, 'y': 1.7895681174112944e+16, 'z': -1.3251817181423781e+17}",20000099,ENP-SH
2-KPW6,30000684,-0.5633048415184021,"{'x': 7.286893159820315e+16, 'y': 1.971819551968941e+16, 'z': -1.1857875452903552e+17}",20000099,ENP-SH
H5N-V7,30000685,-0.2424279898405075,"{'x': 1.2554607404164438e+16, 'y': -2.52821279777434e+16, 'z': -1.6230230729425024e+17}",20000100,Y-M7ML
HQ-Q1Q,30000686,-0.1616673469543457,"{'x': 1.2721275437490028e+16, 'y': -1.936510589027686e+16, 'z': -1.541803243299857e+17}",20000100,Y-M7ML
WHI-61,30000687,-0.05157991126179695,"{'x': 2.471871434388181e+16, 'y': -2.5329838345764756e+16, 'z': -1.4812125497224496e+17}",20000100,Y-M7ML
ZFJH-T,30000688,-0.10016445815563202,"{'x': 1.5903845026616824e+16, 'y': -1.6794852506035532e+16, 'z': -1.4993875948890458e+17}",20000100,Y-M7ML
I-1B7X,30000689,-0.15769606828689575,"{'x': 2.2028191524937704e+16, 'y': -2.6176468208711548e+16, 'z': -1.6800997037494893e+17}",20000100,Y-M7ML
G15Z-W,30000690,-0.08668863773345947,"{'x': 2.0272202970293036e+16, 'y': -2.3458825919560924e+16, 'z': -1.5143934654093408e+17}",20000100,Y-M7ML
AH8-Q7,30000691,-0.19243057072162628,"{'x': 4.242337676061818e+16, 'y': 2.3417771642210976e+16, 'z': -1.6073467010564614e+17}",20000101,QI1M-Q
SD4A-2,30000692,-0.2566327452659607,"{'x': 4.2394265789595784e+16, 'y': 2.829116263721849e+16, 'z': -1.7380467945223056e+17}",20000101,QI1M-Q
U6K-RG,30000693,-0.20664791762828827,"{'x': 3.348424876824146e+16, 'y': 2.5040597270970228e+16, 'z': -1.793923085169735e+17}",20000101,QI1M-Q
V-S9YY,30000694,-0.12563560903072357,"{'x': 3.419787953882943e+16, 'y': 2.609908922928618e+16, 'z': -1.629521801092625e+17}",20000101,QI1M-Q
F2-NXA,30000695,-0.17986297607421875,"{'x': 3.739408684893184e+16, 'y': 2.544023726055922e+16, 'z': -1.6667008588776653e+17}",20000101,QI1M-Q
NSBE-L,30000696,-0.16223540902137756,"{'x': 3.3828357071282864e+16, 'y': 3.201015877673873e+16, 'z': -1.841196594672405e+17}",20000101,QI1M-Q
8Q-T7B,30000697,-0.0630912110209465,"{'x': 4.8464609487157544e+16, 'y': -1.1044335609919618e+16, 'z': -1.3753917793656422e+17}",20000102,7VJ-7M
WV0D-1,30000698,-0.08039357513189316,"{'x': 5.1667309198660184e+16, 'y': -1.4786803999844464e+16, 'z': -1.4170202471134867e+17}",20000102,7VJ-7M
ZNF-OK,30000699,-0.03107072412967682,"{'x': 4.343614354056142e+16, 'y': -1.4878941066051044e+16, 'z': -1.3292253254378814e+17}",20000102,7VJ-7M
C8-7AS,30000700,-0.012310350313782692,"{'x': 3.962314707354473e+16, 'y': -2.358828771163659e+16, 'z': -1.2953733198416165e+17}",20000102,7VJ-7M
4E-EZS,30000701,-0.024830516427755356,"{'x': 4.212817665428459e+16, 'y': -1.9102270168251988e+16, 'z': -1.3461907608380414e+17}",20000102,7VJ-7M
A-80UA,30000702,-0.006941585335880518,"{'x': 3.512757668831868e+16, 'y': -2.733756484662728e+16, 'z': -1.275236944158101e+17}",20000102,7VJ-7M
U2-28D,30000703,-0.34133243560791016,"{'x': 7.955039601606062e+16, 'y': 7490277621064526.0, 'z': -9.717126599350891e+16}",20000103,02QH-A
LQ-OAI,30000704,-0.5395398139953613,"{'x': 8.238150966962634e+16, 'y': 9650301996771232.0, 'z': -1.110126388234827e+17}",20000103,02QH-A
5-MQQ7,30000705,-0.37487849593162537,"{'x': 7.801223028307086e+16, 'y': 6826840364642707.0, 'z': -1.0225243626080011e+17}",20000103,02QH-A
6-EQYE,30000706,-0.4048837125301361,"{'x': 8.442255142445709e+16, 'y': 1.0169403089619964e+16, 'z': -9.697343351445485e+16}",20000103,02QH-A
03-OR2,30000707,-0.1696835458278656,"{'x': 7.756619311926955e+16, 'y': -6188421013899058.0, 'z': -9.782164642994578e+16}",20000103,02QH-A
JLO-Z3,30000708,-0.2024698555469513,"{'x': 8.32565308686277e+16, 'y': -6631497198490923.0, 'z': -9.948812996825114e+16}",20000103,02QH-A
IAK-JW,30000709,-0.7830696105957031,"{'x': 8.557763973318474e+16, 'y': 2.8443980899675988e+16, 'z': -1.1227039167589917e+17}",20000104,WQZ8-4
KZFV-4,30000710,-0.6745796203613281,"{'x': 7.87504806808723e+16, 'y': 2.3248101436744216e+16, 'z': -1.1256253134117442e+17}",20000104,WQZ8-4
WO-GC0,30000711,-0.7894042134284973,"{'x': 9.183464456557726e+16, 'y': 3.969317438139103e+16, 'z': -1.160576502778726e+17}",20000104,WQZ8-4
RYC-19,30000712,-0.8838926553726196,"{'x': 9.25467487940723e+16, 'y': 2.7732809149091224e+16, 'z': -1.1785350364777952e+17}",20000104,WQZ8-4
X2-ZA5,30000713,-0.9005848169326782,"{'x': 9.69231569474869e+16, 'y': 2.8544283901428372e+16, 'z': -1.1982959196235222e+17}",20000104,WQZ8-4
28Y9-P,30000714,-0.6852189898490906,"{'x': 7.966230073667008e+16, 'y': 3.043271468335759e+16, 'z': -1.0895606680339878e+17}",20000104,WQZ8-4
Q4C-S5,30000715,-0.6792392134666443,"{'x': 1.054966431994122e+17, 'y': 1.730790918877566e+16, 'z': -1.3211126562192624e+17}",20000105,DITJ-X
B-1UJC,30000716,-0.5307990908622742,"{'x': 1.1247285895685e+17, 'y': 3.0730529204509936e+16, 'z': -1.4001116064295144e+17}",20000105,DITJ-X
Q-NA5H,30000717,-0.7176750898361206,"{'x': 1.0233823895302955e+17, 'y': 1.5270034492229868e+16, 'z': -1.285482358001265e+17}",20000105,DITJ-X
4-CM8I,30000718,-0.5093496441841125,"{'x': 1.1199267875148371e+17, 'y': 2.0866673600541824e+16, 'z': -1.4049613750110064e+17}",20000105,DITJ-X
ZDB-HT,30000719,-0.5843461155891418,"{'x': 1.1094750146264669e+17, 'y': 1.804058127109108e+16, 'z': -1.350793192838334e+17}",20000105,DITJ-X
1QZ-Y9,30000720,-0.43839961290359497,"{'x': 1.1693570984700629e+17, 'y': 1.791088745040972e+16, 'z': -1.3966724361766904e+17}",20000105,DITJ-X
HJ-BCH,30000721,-0.02835799567401409,"{'x': 3.3370582087162268e+16, 'y': -1.267419685507232e+16, 'z': -1.3871712391172707e+17}",20000106,YCM-AI
QPTT-F,30000722,-0.016174200922250748,"{'x': 3.2895971000944548e+16, 'y': -2.521053633399316e+16, 'z': -1.3736517422555963e+17}",20000106,YCM-AI
9M-M0P,30000723,-0.010996885597705841,"{'x': 3.2856843707891044e+16, 'y': -3.3429625758106708e+16, 'z': -1.3713845148042355e+17}",20000106,YCM-AI
9BC-EB,30000724,-0.0249626524746418,"{'x': 2.9661077807268284e+16, 'y': -2.589773769784389e+16, 'z': -1.420261224403282e+17}",20000106,YCM-AI
WFFE-4,30000725,-0.022490328177809715,"{'x': 3.1337228218414092e+16, 'y': -1.0060828001217602e+16, 'z': -1.3540843436991909e+17}",20000106,YCM-AI
71-UTX,30000726,-0.02922726422548294,"{'x': 3.470377186049384e+16, 'y': -6211954120191197.0, 'z': -1.3502833646142651e+17}",20000106,YCM-AI
PU-UMM,30000727,-0.01391670387238264,"{'x': 2.5584370299963364e+16, 'y': -2.092327101764092e+16, 'z': -1.3264363516999906e+17}",20000106,YCM-AI
6-KPAB,30000728,-0.010540982708334923,"{'x': 2.5760943383441376e+16, 'y': -1.4053723757799036e+16, 'z': -1.2828472891193899e+17}",20000106,YCM-AI
Y5-E1U,30000729,-0.033537596464157104,"{'x': 3.8115159051916856e+16, 'y': -8832273482175173.0, 'z': -1.3551416671123018e+17}",20000106,YCM-AI
4-43BW,30000730,-0.3508743345737457,"{'x': 6.674651994571377e+16, 'y': 2.773969725040968e+16, 'z': -1.387125332507567e+17}",20000107,CN5-F2
8CN-CH,30000731,-0.32073578238487244,"{'x': 6.687907528428026e+16, 'y': 2.745620907117881e+16, 'z': -1.4331319961183496e+17}",20000107,CN5-F2
V-F6DQ,30000732,-0.2899610698223114,"{'x': 6.13066343923797e+16, 'y': 2.3305829506464844e+16, 'z': -1.3580284866741838e+17}",20000107,CN5-F2
3S-6VU,30000733,-0.20743168890476227,"{'x': 5.443981099840778e+16, 'y': 3.0039752566361484e+16, 'z': -1.3534463595216181e+17}",20000107,CN5-F2
1-7HVI,30000734,-0.40271446108818054,"{'x': 6.686749563610236e+16, 'y': 2.5488792762375548e+16, 'z': -1.32472942031866e+17}",20000107,CN5-F2
OX-S7P,30000735,-0.46070387959480286,"{'x': 6.867223605490187e+16, 'y': 2.8390491652556624e+16, 'z': -1.2981478741958285e+17}",20000107,CN5-F2
MKIG-5,30000529,-0.22199717164039612,"{'x': 1.2364925003760211e+17, 'y': -1.3451343427843326e+16, 'z': -1.5631215670727923e+17}",20000077,0FC-ZX
YHEN-G,30000530,-0.19952739775180817,"{'x': 1.2130585733926978e+17, 'y': -7517381050098433.0, 'z': -1.5393710757516326e+17}",20000077,0FC-ZX
E-JCUS,30000531,-0.21562694013118744,"{'x': 1.1707412857776949e+17, 'y': -9953752482013010.0, 'z': -1.5728930540136346e+17}",20000077,0FC-ZX
W-QN5X,30000532,-0.2722109258174896,"{'x': 1.1390693292152802e+17, 'y': -1.8634883649925252e+16, 'z': -1.6191208638938406e+17}",20000077,0FC-ZX
LP1M-Q,30000533,-0.24338284134864807,"{'x': 1.147815200675211e+17, 'y': -1.208613688057672e+16, 'z': -1.6261328044108627e+17}",20000077,0FC-ZX
30-YOU,30000534,-0.2664210796356201,"{'x': 1.3224872060825622e+17, 'y': -1.5925509128926258e+16, 'z': -1.5993048045284448e+17}",20000077,0FC-ZX
384-IN,30000535,-0.20437924563884735,"{'x': 1.1982211006777363e+17, 'y': -5218471760786428.0, 'z': -1.509098167289792e+17}",20000077,0FC-ZX
4F89-U,30000536,-0.24534934759140015,"{'x': 1.1066967818576102e+17, 'y': -1.0361681618346186e+16, 'z': -1.55762940021492e+17}",20000077,0FC-ZX
G063-U,30000537,-0.29599910974502563,"{'x': 1.11451333872357e+17, 'y': -1.712617258976549e+16, 'z': -1.6432937843153843e+17}",20000077,0FC-ZX
J7-BDX,30000538,-0.4110933244228363,"{'x': 1.3347583962630219e+17, 'y': -2.8340963787176456e+16, 'z': -1.6061070754323267e+17}",20000077,0FC-ZX
MLQ-O9,30000539,-0.19643692672252655,"{'x': 1.320084171573509e+17, 'y': 1.5118959584038272e+16, 'z': -1.450534132865122e+17}",20000078,AC-RON
L-FM3P,30000540,-0.17086900770664215,"{'x': 1.3537575533733946e+17, 'y': -1290037627681534.0, 'z': -1.4888835149489347e+17}",20000078,AC-RON
X-ARMF,30000541,-0.08962602913379669,"{'x': 1.4414415340722067e+17, 'y': 1.7754901946995146e+16, 'z': -1.5424042961997056e+17}",20000078,AC-RON
8-OZU1,30000542,-0.18033412098884583,"{'x': 1.3450232321323005e+17, 'y': 7601666552183130.0, 'z': -1.4201888332099886e+17}",20000078,AC-RON
0TYR-T,30000543,-0.15550202131271362,"{'x': 1.3914586517167786e+17, 'y': 3465536202108083.0, 'z': -1.427550223087388e+17}",20000078,AC-RON
GM-50Y,30000544,-0.16676680743694305,"{'x': 1.305976422692974e+17, 'y': -1158602654834247.0, 'z': -1.5582470795478512e+17}",20000078,AC-RON
G9L-LP,30000545,-0.14784932136535645,"{'x': 1.3534481251586726e+17, 'y': 1912192797490897.0, 'z': -1.575476477962293e+17}",20000078,AC-RON
MWA-5Q,30000546,-0.3076617121696472,"{'x': 9.873713754320707e+16, 'y': 8304256544150093.0, 'z': -1.6765216365710416e+17}",20000079,RF9-ZU
H-HHTH,30000547,-0.4215422570705414,"{'x': 9.849782726422491e+16, 'y': -1225427993088813.0, 'z': -1.730978794970173e+17}",20000079,RF9-ZU
JQU-KY,30000548,-0.26734134554862976,"{'x': 1.0163758194993331e+17, 'y': 8591141450499687.0, 'z': -1.7777301167770496e+17}",20000079,RF9-ZU
UY5A-D,30000549,-0.4047977030277252,"{'x': 1.021455488972968e+17, 'y': -5111715170428118.0, 'z': -1.779938195325369e+17}",20000079,RF9-ZU
C-62I5,30000550,-0.11756128072738647,"{'x': 1.1718792400350011e+17, 'y': 8123072135412659.0, 'z': -1.8576014397276352e+17}",20000079,RF9-ZU
ZH-GKG,30000551,-0.125267893075943,"{'x': 1.1584768638828965e+17, 'y': 1.0736993959753692e+16, 'z': -1.7708661956519942e+17}",20000079,RF9-ZU
GPLB-C,30000552,-0.25469717383384705,"{'x': 1.1187549918477381e+17, 'y': -4427459566391882.0, 'z': -1.445511037404586e+17}",20000080,DJ-XCW
GGE-5Q,30000553,-0.4867313802242279,"{'x': 9.764997483363451e+16, 'y': 9213190198726726.0, 'z': -1.407116484392147e+17}",20000080,DJ-XCW
5E-CMA,30000554,-0.420425683259964,"{'x': 9.986468924236786e+16, 'y': 2671196912411674.0, 'z': -1.3807616757309738e+17}",20000080,DJ-XCW
U104-3,30000555,-0.26676440238952637,"{'x': 1.0310771173160635e+17, 'y': -1.253262513705335e+16, 'z': -1.4995050098735152e+17}",20000080,DJ-XCW
M3-KAQ,30000556,-0.31580471992492676,"{'x': 9.761882602096693e+16, 'y': -6104796927544412.0, 'z': -1.507838678224108e+17}",20000080,DJ-XCW
6-L4YC,30000557,-0.24149607121944427,"{'x': 1.1156107568541466e+17, 'y': -4918841464361071.0, 'z': -1.4866474804517853e+17}",20000080,DJ-XCW
UM-SCG,30000558,-0.305072546005249,"{'x': 9.700391285573734e+16, 'y': 1.255673545698228e+16, 'z': -1.6307027192291536e+17}",20000081,3GK-WS
F-3FOY,30000559,-0.4128037691116333,"{'x': 8.817003165386458e+16, 'y': 928164548921419.0, 'z': -1.5830323823880765e+17}",20000081,3GK-WS
OAIG-0,30000560,-0.3473972678184509,"{'x': 9.117912906300011e+16, 'y': 1.4054223733655158e+16, 'z': -1.598157727807881e+17}",20000081,3GK-WS
UZ-QXW,30000561,-0.4848184585571289,"{'x': 9.135560466834965e+16, 'y': 1.815891506641865e+16, 'z': -1.4632439371697846e+17}",20000081,3GK-WS
5DE-QS,30000562,-0.37302836775779724,"{'x': 8.928098634743275e+16, 'y': 6883379395939169.0, 'z': -1.5484445467902477e+17}",20000081,3GK-WS
R0-DMM,30000563,-0.4685800075531006,"{'x': 8.512469450715611e+16, 'y': 1.5106589076665492e+16, 'z': -1.441278801021661e+17}",20000081,3GK-WS
5Q65-4,30000564,-0.6205077767372131,"{'x': 8.687608320480152e+16, 'y': 1.8441253957571948e+16, 'z': -1.3635419883326749e+17}",20000081,3GK-WS
SR-4EK,30000565,-0.338157594203949,"{'x': 7.141554595864683e+16, 'y': 1.1837638869282086e+16, 'z': -1.4488289671239318e+17}",20000082,5ZR-29
0RI-OV,30000566,-0.2940064072608948,"{'x': 6.813562897357815e+16, 'y': 7683343718172188.0, 'z': -1.4461038506566182e+17}",20000082,5ZR-29
C-LTXS,30000567,-0.28782397508621216,"{'x': 7.549793109822896e+16, 'y': -5806246171342864.0, 'z': -1.4584241844490768e+17}",20000082,5ZR-29
C0O6-K,30000568,-0.29678770899772644,"{'x': 6.635601948123583e+16, 'y': 9283675572756252.0, 'z': -1.4784228403003958e+17}",20000082,5ZR-29
HD-AJ7,30000569,-0.3133023977279663,"{'x': 7.387867104332283e+16, 'y': -8899232577684157.0, 'z': -1.4946005064877898e+17}",20000082,5ZR-29
G9NE-B,30000570,-0.32990536093711853,"{'x': 6.900264594283136e+16, 'y': 1.6578857441524818e+16, 'z': -1.455766456535707e+17}",20000082,5ZR-29
SJJ-4F,30000571,-0.24661502242088318,"{'x': 7.0174154693137624e+16, 'y': -6402825975524348.0, 'z': -1.4482308569545645e+17}",20000082,5ZR-29
F-QQ5N,30000572,-0.6505233645439148,"{'x': 5.7575534142060696e+16, 'y': 1.1180035361569588e+16, 'z': -1.7817934403735664e+17}",20000083,J-9M7D
1-7B6D,30000573,-0.6923944354057312,"{'x': 6.1768065720218824e+16, 'y': 1.140387500524642e+16, 'z': -1.8077653996738333e+17}",20000083,J-9M7D
H6-EYX,30000574,-0.7262842655181885,"{'x': 6.202164089010028e+16, 'y': 8174920323013874.0, 'z': -1.8661662596356083e+17}",20000083,J-9M7D
U-HVIX,30000575,-0.6619212627410889,"{'x': 5.363437436312494e+16, 'y': 8065559514520085.0, 'z': -1.8420390986863184e+17}",20000083,J-9M7D
4-EFLU,30000576,-0.5228059887886047,"{'x': 4.816693748647904e+16, 'y': 1.123389746289835e+16, 'z': -1.7700272229121898e+17}",20000083,J-9M7D
EIH-IU,30000577,-0.6009420156478882,"{'x': 5.071694303934126e+16, 'y': 1537896811998220.0, 'z': -1.890503531610388e+17}",20000083,J-9M7D
F-EM4Q,30000578,-0.42962920665740967,"{'x': 6.5042119312782216e+16, 'y': 1.7633773963205544e+16, 'z': -1.64234799042578e+17}",20000084,R-M719
1L-OEK,30000579,-0.6646604537963867,"{'x': 6.4315183717600504e+16, 'y': 6079709751922221.0, 'z': -1.7557295207164422e+17}",20000084,R-M719
MN-Q26,30000580,-0.5109122395515442,"{'x': 6.7522437306019624e+16, 'y': 1.8418968284393356e+16, 'z': -1.7100109505166778e+17}",20000084,R-M719
5H-SM2,30000581,-0.7108604311943054,"{'x': 6.760704083543904e+16, 'y': 4237400623745553.0, 'z': -1.8102723126022045e+17}",20000084,R-M719
4-OS2A,30000582,-0.5951959490776062,"{'x': 6.637497067183072e+16, 'y': 1.6867201398114164e+16, 'z': -1.7622797466685034e+17}",20000084,R-M719
YI-GV6,30000583,-0.6408141851425171,"{'x': 7.304898262229098e+16, 'y': -2465469894676955.0, 'z': -1.7123792607912394e+17}",20000084,R-M719
SO-X5L,30000584,-0.7033248543739319,"{'x': 7.229406900797018e+16, 'y': -8987172473956292.0, 'z': -1.761243463784197e+17}",20000084,R-M719
XQS-GZ,30000585,-0.5513123869895935,"{'x': 7.664806826139427e+16, 'y': 1.1562706952239728e+16, 'z': -1.735780302755108e+17}",20000084,R-M719
Q-GQHN,30000586,-0.5285758376121521,"{'x': 7.229204588006995e+16, 'y': 1.526332079331572e+16, 'z': -1.7147639032301555e+17}",20000084,R-M719
A-4JOO,30000587,-0.1960289627313614,"{'x': 1.21842788120823e+17, 'y': 1.904244216574017e+16, 'z': -1.5603066972949398e+17}",20000085,5Y1E-3
TP7-KE,30000588,-0.3269291818141937,"{'x': 1.1057459117568458e+17, 'y': 2.4319602170458916e+16, 'z': -1.529495121841673e+17}",20000085,5Y1E-3
R4N-LD,30000589,-0.26149463653564453,"{'x': 1.1222459541743141e+17, 'y': 1.411764680915948e+16, 'z': -1.5527396104908586e+17}",20000085,5Y1E-3
3Q-VZA,30000590,-0.2499016523361206,"{'x': 1.1919927359777611e+17, 'y': 1.829069948864791e+16, 'z': -1.5259208802122342e+17}",20000085,5Y1E-3
M-MBRT,30000591,-0.2392914891242981,"{'x': 1.0816867279020414e+17, 'y': 8021372129731611.0, 'z': -1.6045224145404512e+17}",20000085,5Y1E-3
HPBE-D,30000592,-0.2916048467159271,"{'x': 1.0666767375578382e+17, 'y': 1.7532681148210422e+16, 'z': -1.5652500447359792e+17}",20000085,5Y1E-3
GRHS-B,30000593,-0.45811891555786133,"{'x': 8.821750526907701e+16, 'y': -7064556177221047.0, 'z': -1.5794034059544042e+17}",20000086,760-9C
J-RXYN,30000594,-0.4587291479110718,"{'x': 9.572841533271706e+16, 'y': -1.0807417756309976e+16, 'z': -1.6106240210834387e+17}",20000086,760-9C
DUO-51,30000595,-0.4730031192302704,"{'x': 9.870435551472117e+16, 'y': -1.1601815010351746e+16, 'z': -1.6516056764560947e+17}",20000086,760-9C
07-SLO,30000596,-0.3975030183792114,"{'x': 1.0566295166777032e+17, 'y': -1.8699633873413184e+16, 'z': -1.6761963176074003e+17}",20000086,760-9C
Z-A8FS,30000597,-0.5423556566238403,"{'x': 9.802136225724851e+16, 'y': -1.9021964439995136e+16, 'z': -1.6738150593113152e+17}",20000086,760-9C
GPD5-0,30000598,-0.3056842088699341,"{'x': 1.1033675226225168e+17, 'y': -1.2663148485221612e+16, 'z': -1.6791200684470064e+17}",20000086,760-9C
LKZ-CY,30000599,-0.4495411813259125,"{'x': 8.230335072193598e+16, 'y': 1.7130054935205976e+16, 'z': -1.7700542960424928e+17}",20000087,4-QV2L
F5M-CC,30000600,-0.386747270822525,"{'x': 8.788773542535123e+16, 'y': 1.6296783450299342e+16, 'z': -1.8455687579338448e+17}",20000087,4-QV2L
TZE-UB,30000601,-0.3239295184612274,"{'x': 9.153544970155062e+16, 'y': 1.676705195208263e+16, 'z': -1.8525505354557187e+17}",20000087,4-QV2L
WRL4-2,30000602,-0.4095743000507355,"{'x': 7.1814484705572664e+16, 'y': 2.7365204451791844e+16, 'z': -1.7590910028586384e+17}",20000087,4-QV2L
V7G-RL,30000603,-0.4412940442562103,"{'x': 7.479901030654875e+16, 'y': 2.5241416477978908e+16, 'z': -1.801845359663878e+17}",20000087,4-QV2L
XEN7-0,30000604,-0.18649324774742126,"{'x': 9.48939744004458e+16, 'y': 2.7429542658915644e+16, 'z': -1.852087202384981e+17}",20000087,4-QV2L
L-Z9KJ,30000605,-0.3467443883419037,"{'x': 7.636906789169893e+16, 'y': 5021293435412779.0, 'z': -1.4035860894635434e+17}",20000088,GU-JZ1
7K-NSE,30000606,-0.28625982999801636,"{'x': 8.071591630764645e+16, 'y': -5842294992335369.0, 'z': -1.4227877064983029e+17}",20000088,GU-JZ1
OR-7N5,30000607,-0.29806894063949585,"{'x': 8.575262925924005e+16, 'y': -5972049777304122.0, 'z': -1.4134769041664451e+17}",20000088,GU-JZ1
JEQG-7,30000608,-0.2862094044685364,"{'x': 8.872310331769328e+16, 'y': -1.0513565441883582e+16, 'z': -1.4455687149393008e+17}",20000088,GU-JZ1
5NQI-E,30000609,-0.2497209757566452,"{'x': 8.988056788204064e+16, 'y': -1.893196376842717e+16, 'z': -1.4506483108472966e+17}",20000088,GU-JZ1
B-WQDP,30000610,-0.34215253591537476,"{'x': 9.092611301203355e+16, 'y': -2632625388915075.0, 'z': -1.3961784987015408e+17}",20000088,GU-JZ1
WU-FHQ,30000433,-0.26069116592407227,"{'x': 1.0736087093461035e+17, 'y': -3.037970808385476e+16, 'z': -1.5366496376989635e+17}",20000063,GJH-1C
V-4DBR,30000434,-0.32256484031677246,"{'x': 1.0362174070579802e+17, 'y': -3.087657739945066e+16, 'z': -1.5978812581875104e+17}",20000063,GJH-1C
B-5UFY,30000435,-0.4014222323894501,"{'x': 9.91547847054785e+16, 'y': -3.434667612226042e+16, 'z': -1.6752274232739517e+17}",20000063,GJH-1C
SK42-F,30000436,-0.3158692419528961,"{'x': 9.347574704499507e+16, 'y': -3.2162017676394316e+16, 'z': -1.5537432290526272e+17}",20000063,GJH-1C
EU9-J3,30000437,-0.25101977586746216,"{'x': 8.940859789730939e+16, 'y': -4.331138160806803e+16, 'z': -1.6053429952070333e+17}",20000063,GJH-1C
PQRE-W,30000438,-0.6204133033752441,"{'x': 9.041423958882976e+16, 'y': -3.0346788259129116e+16, 'z': -1.74250856395992e+17}",20000063,GJH-1C
OEG-K9,30000439,-0.7984868288040161,"{'x': 8.387198108246326e+16, 'y': -1.971868400047084e+16, 'z': -1.7583276583205933e+17}",20000063,GJH-1C
0-W778,30000440,-0.21746589243412018,"{'x': 1.2876023017448219e+17, 'y': -1.258057834358038e+16, 'z': -1.8745782046435427e+17}",20000064,RFQ-8Y
DG-8VJ,30000441,-0.3525865375995636,"{'x': 1.3801924043289642e+17, 'y': -2.356204915853197e+16, 'z': -1.8328193738927907e+17}",20000064,RFQ-8Y
5J4K-9,30000442,-0.2015724629163742,"{'x': 1.3227997241652152e+17, 'y': -8845418187565005.0, 'z': -1.8764096135668182e+17}",20000064,RFQ-8Y
MD-0AW,30000443,-0.19954323768615723,"{'x': 1.2118069561342914e+17, 'y': -1.112041982357275e+16, 'z': -1.9167095851985162e+17}",20000064,RFQ-8Y
H-FGJO,30000444,-0.20511284470558167,"{'x': 1.282034506691361e+17, 'y': -9341511357772726.0, 'z': -2.0096840085118915e+17}",20000064,RFQ-8Y
1KAW-T,30000445,-0.40247541666030884,"{'x': 1.4614026700960022e+17, 'y': -2.3612362509615492e+16, 'z': -1.7957887769120672e+17}",20000064,RFQ-8Y
C5-SUU,30000446,-0.509026288986206,"{'x': 7.708785947778946e+16, 'y': -1.7350764844182446e+16, 'z': -1.978483845368034e+17}",20000065,MZ-PA2
XSUD-1,30000447,-0.3370332717895508,"{'x': 6.788366494920612e+16, 'y': -2.6627400440482828e+16, 'z': -2.0080769828634205e+17}",20000065,MZ-PA2
3-LJW3,30000448,-0.615269124507904,"{'x': 7.063287502951022e+16, 'y': -7099213565876901.0, 'z': -1.9434681366150365e+17}",20000065,MZ-PA2
ZLO3-V,30000449,-0.5857486724853516,"{'x': 7.802200015172501e+16, 'y': -4257312962361118.0, 'z': -1.9512078146232563e+17}",20000065,MZ-PA2
P7MI-T,30000450,-0.4048852324485779,"{'x': 7.133586414760837e+16, 'y': -1.6892643759355924e+16, 'z': -2.0580925295383005e+17}",20000065,MZ-PA2
JFV-ID,30000451,-0.3557651937007904,"{'x': 6.795739508588659e+16, 'y': -1.870129824096722e+16, 'z': -2.1196359324253373e+17}",20000065,MZ-PA2
3-3EZB,30000452,-0.5075816512107849,"{'x': 8.184543963690862e+16, 'y': -1.8088305868220892e+16, 'z': -1.974438913841654e+17}",20000065,MZ-PA2
52CW-6,30000453,-0.4585950970649719,"{'x': 8.711002299864947e+16, 'y': -1.783470796763383e+16, 'z': -1.9886746715413286e+17}",20000065,MZ-PA2
9-OUGJ,30000454,-0.3606518507003784,"{'x': 1.2932313056132779e+17, 'y': -2.966905839760966e+16, 'z': -1.790539532539672e+17}",20000066,5F8-PZ
4NDT-W,30000455,-0.3336065113544464,"{'x': 1.3717255773793462e+17, 'y': -2.0606490091898664e+16, 'z': -1.735879767078704e+17}",20000066,5F8-PZ
GR-X26,30000456,-0.3237183392047882,"{'x': 1.1257643574748176e+17, 'y': -3.899755482223632e+16, 'z': -1.7230603460281248e+17}",20000066,5F8-PZ
6OU9-U,30000457,-0.315986305475235,"{'x': 1.1514676453932667e+17, 'y': -3.380399576249378e+16, 'z': -1.616009072513526e+17}",20000066,5F8-PZ
9N-0HF,30000458,-0.26237428188323975,"{'x': 1.142998905666059e+17, 'y': -2.7661865681755376e+16, 'z': -1.5295685429909434e+17}",20000066,5F8-PZ
U-OVFR,30000459,-0.3099517524242401,"{'x': 1.1909182711566648e+17, 'y': -2.7911628824129036e+16, 'z': -1.7653626992783744e+17}",20000066,5F8-PZ
G3D-ZT,30000460,-0.33514589071273804,"{'x': 1.0933224352230606e+17, 'y': -3.1406185711660332e+16, 'z': -1.8196113651547066e+17}",20000067,PR-ACX
D-0UI0,30000461,-0.3230920135974884,"{'x': 1.1656776541904293e+17, 'y': -3.5442327981367228e+16, 'z': -1.786566109388058e+17}",20000067,PR-ACX
L8-WNE,30000462,-0.4376930892467499,"{'x': 1.0093699851494485e+17, 'y': -1.8894914481833676e+16, 'z': -1.8916163255118954e+17}",20000067,PR-ACX
1-GBVE,30000463,-0.4374977648258209,"{'x': 9.68837390598215e+16, 'y': -2.063456383563735e+16, 'z': -1.9360071352765917e+17}",20000067,PR-ACX
GC-LTF,30000464,-0.2643469572067261,"{'x': 1.0890529732875123e+17, 'y': -4.19228527236913e+16, 'z': -1.9024110001811562e+17}",20000067,PR-ACX
NB-ALM,30000465,-0.458769291639328,"{'x': 1.0214469550533378e+17, 'y': -2.720016570347075e+16, 'z': -1.8092500076923136e+17}",20000067,PR-ACX
LT-XI4,30000466,-0.2446022629737854,"{'x': 1.355103411603701e+17, 'y': -9836486362170384.0, 'z': -2.035946268269494e+17}",20000068,5P4-QA
L-QQ6P,30000467,-0.3518202304840088,"{'x': 1.469026257347543e+17, 'y': -1.4757187643649726e+16, 'z': -2.0622167676749133e+17}",20000068,5P4-QA
5OJ-G2,30000468,-0.46913668513298035,"{'x': 1.4886092523779683e+17, 'y': -2.4619090469371076e+16, 'z': -2.1141829038976784e+17}",20000068,5P4-QA
9-02G0,30000469,-0.4749472737312317,"{'x': 1.568536045816951e+17, 'y': -1.997838241375287e+16, 'z': -2.1107609486215648e+17}",20000068,5P4-QA
XA5-TY,30000470,-0.5303782224655151,"{'x': 1.5255050722569766e+17, 'y': -2.7078890267553976e+16, 'z': -2.145219304035013e+17}",20000068,5P4-QA
M-XUZZ,30000471,-0.4594491422176361,"{'x': 1.561519249794943e+17, 'y': -1.4093765389360308e+16, 'z': -2.1991713425806973e+17}",20000068,5P4-QA
OFVH-Y,30000472,-0.3003791868686676,"{'x': 6.503602785877265e+16, 'y': -2.6981803705573436e+16, 'z': -2.0250693442564336e+17}",20000069,1RG-GU
2-X0PF,30000473,-0.3777087926864624,"{'x': 6.4598039065337304e+16, 'y': -2.029596795204869e+16, 'z': -2.0218055607946077e+17}",20000069,1RG-GU
1-PGSG,30000474,-0.4965527653694153,"{'x': 6.225366790851818e+16, 'y': -1.3859715493969482e+16, 'z': -1.964787490343949e+17}",20000069,1RG-GU
QLPX-J,30000475,-0.2788776159286499,"{'x': 6.188002193862716e+16, 'y': -2.629946213126431e+16, 'z': -2.0395112402920538e+17}",20000069,1RG-GU
A-C5TC,30000476,-0.24147212505340576,"{'x': 6.43536010767788e+16, 'y': -3.029385730149451e+16, 'z': -2.1099643512142688e+17}",20000069,1RG-GU
RZ-PIY,30000477,-0.2305845320224762,"{'x': 6.9911501196913144e+16, 'y': -3.442217755975664e+16, 'z': -2.1177487587387654e+17}",20000069,1RG-GU
FR46-E,30000478,-0.2691451609134674,"{'x': 6.58106651306711e+16, 'y': -2.9732601165806788e+16, 'z': -2.1526012930319536e+17}",20000069,1RG-GU
SLVP-D,30000479,-0.5720547437667847,"{'x': 1.6061289987796586e+17, 'y': -2.2758290556436052e+16, 'z': -2.1980154376625178e+17}",20000070,ZPI-2E
0-G8NO,30000480,-0.6865977644920349,"{'x': 1.6249327585231197e+17, 'y': -3.1257417202958256e+16, 'z': -2.2407943662737568e+17}",20000070,ZPI-2E
QRFJ-Q,30000481,-0.5273303389549255,"{'x': 1.7326799880279907e+17, 'y': -1.788757248837757e+16, 'z': -2.1346649033894768e+17}",20000070,ZPI-2E
HZFJ-M,30000482,-0.7140626907348633,"{'x': 1.6526787434806752e+17, 'y': -3.5478547533054572e+16, 'z': -2.2136703276074048e+17}",20000070,ZPI-2E
77S8-E,30000483,-0.8197735548019409,"{'x': 1.6438248002087933e+17, 'y': -4.5329753674090424e+16, 'z': -2.3071504593240262e+17}",20000070,ZPI-2E
FMH-OV,30000484,-0.9011149406433105,"{'x': 1.7665352306296368e+17, 'y': -5.161920821551613e+16, 'z': -2.426048139731847e+17}",20000070,ZPI-2E
TYB-69,30000485,-0.3368960916996002,"{'x': 9.481738981421096e+16, 'y': -9637538674434490.0, 'z': -2.028476585873969e+17}",20000071,D-95MV
EDQG-L,30000486,-0.21422016620635986,"{'x': 1.037608068376374e+17, 'y': -3255270959852625.0, 'z': -2.0962968349606272e+17}",20000071,D-95MV
7-P1JO,30000487,-0.24877063930034637,"{'x': 1.041336214858743e+17, 'y': -1.3987280623005174e+16, 'z': -2.064179863828887e+17}",20000071,D-95MV
T-0JWP,30000488,-0.23809613287448883,"{'x': 1.0723563564066197e+17, 'y': -1.5514099827178876e+16, 'z': -2.050408027743578e+17}",20000071,D-95MV
J-L9MA,30000489,-0.23846259713172913,"{'x': 9.932766282178085e+16, 'y': -780678418483380.0, 'z': -2.0748596248379818e+17}",20000071,D-95MV
DX-TAR,30000490,-0.23524795472621918,"{'x': 1.0742613336166154e+17, 'y': -1.4341772774093322e+16, 'z': -2.112388131980313e+17}",20000071,D-95MV
A-7XFN,30000491,-0.23200075328350067,"{'x': 1.1762114557164248e+17, 'y': -1.756563653092681e+16, 'z': -2.0897616169389584e+17}",20000071,D-95MV
O3-4MN,30000492,-0.2527214586734772,"{'x': 1.2424736020666078e+17, 'y': -1.849854217725267e+16, 'z': -2.0726222661099552e+17}",20000071,D-95MV
U-MFTL,30000493,-0.309552937746048,"{'x': 1.2800662607544158e+17, 'y': -2.3344664987730076e+16, 'z': -2.1157868396782182e+17}",20000071,D-95MV
8FN-GP,30000494,-0.511651873588562,"{'x': 1.8990529021787053e+17, 'y': -1.7066784865523908e+16, 'z': -2.0211249070096266e+17}",20000072,3R-BJL
FIDY-8,30000495,-0.5152087807655334,"{'x': 1.9844858404499754e+17, 'y': -5922948986641533.0, 'z': -2.0280292906926864e+17}",20000072,3R-BJL
X40H-9,30000496,-0.6225172281265259,"{'x': 2.065110649791185e+17, 'y': -8143782437594583.0, 'z': -2.011126094063499e+17}",20000072,3R-BJL
F2W-C6,30000497,-0.7096158862113953,"{'x': 2.1257031090056467e+17, 'y': -1.268556658130272e+16, 'z': -1.9916869985980467e+17}",20000072,3R-BJL
KZ9T-C,30000498,-0.7716695070266724,"{'x': 2.2808449414123018e+17, 'y': -1.998301585125555e+16, 'z': -1.9259946386309482e+17}",20000072,3R-BJL
XW2H-V,30000499,-0.8655768036842346,"{'x': 2.25445820411584e+17, 'y': -9055663042995540.0, 'z': -1.8677160491586282e+17}",20000072,3R-BJL
F9O-U9,30000500,-0.16943329572677612,"{'x': 7.134590621869318e+16, 'y': -4.126320607338637e+16, 'z': -2.0572254537122157e+17}",20000073,T875-C
S-51XG,30000501,-0.14264988899230957,"{'x': 7.571943785193597e+16, 'y': -4.615947532694413e+16, 'z': -2.046089422192945e+17}",20000073,T875-C
E-1XVP,30000502,-0.21039080619812012,"{'x': 8.197269805875722e+16, 'y': -4.011986110247807e+16, 'z': -2.050740850673958e+17}",20000073,T875-C
E-ACV6,30000503,-0.1558700054883957,"{'x': 8.421260960549158e+16, 'y': -4.988337692042393e+16, 'z': -2.1443751815153235e+17}",20000073,T875-C
BOZ1-O,30000504,-0.15275074541568756,"{'x': 8.869237384459757e+16, 'y': -5.089345477982668e+16, 'z': -2.1233957132711808e+17}",20000073,T875-C
QIMO-2,30000505,-0.1545027494430542,"{'x': 6.688452669439471e+16, 'y': -4.1517956352295384e+16, 'z': -2.018768956203704e+17}",20000073,T875-C
Z-2Y2Y,30000506,-0.15247328579425812,"{'x': 7.490035797808488e+16, 'y': -4.990488828752503e+16, 'z': -2.1831800984282355e+17}",20000073,T875-C
Q0J-RH,30000507,-0.13517241179943085,"{'x': 9.673873596706051e+16, 'y': -6.132080299532722e+16, 'z': -2.0940399070690368e+17}",20000073,T875-C
SAI-T9,30000508,-0.3066237270832062,"{'x': 6.335563991446851e+16, 'y': -2.6049203971687544e+16, 'z': -2.1810869335431674e+17}",20000074,4SRW-B
IAS-I5,30000509,-0.3932012617588043,"{'x': 6.967958453065687e+16, 'y': -2.6403718048983452e+16, 'z': -2.2393007829232973e+17}",20000074,4SRW-B
K7S-FF,30000510,-0.3363892138004303,"{'x': 7.1251525464055704e+16, 'y': -2.953146271188018e+16, 'z': -2.20614811745705e+17}",20000074,4SRW-B
RT-9WL,30000511,-0.5008711218833923,"{'x': 7.064764754152556e+16, 'y': -1.7925845740272336e+16, 'z': -2.28239193534229e+17}",20000074,4SRW-B
O5Q7-U,30000512,-0.6021052598953247,"{'x': 7.228290869874702e+16, 'y': -1.201961372222161e+16, 'z': -2.3548605230389446e+17}",20000074,4SRW-B
62O-UE,30000513,-0.5637633800506592,"{'x': 7.368361944540678e+16, 'y': -4046098916862710.0, 'z': -2.3695902182137686e+17}",20000074,4SRW-B
U0W-DR,30000514,-0.2442084550857544,"{'x': 6.1553352997832696e+16, 'y': -3.210158996611899e+16, 'z': -2.1790633642552755e+17}",20000075,HOV-VI
SY-UWN,30000515,-0.17921282351016998,"{'x': 5.982273998435948e+16, 'y': -3.815954752337051e+16, 'z': -2.1719516651428435e+17}",20000075,HOV-VI
DX-DFJ,30000516,-0.27356067299842834,"{'x': 5.760933509121491e+16, 'y': -2.8938919678928548e+16, 'z': -2.210324000533051e+17}",20000075,HOV-VI
X-31TE,30000517,-0.20128190517425537,"{'x': 6.668892333443627e+16, 'y': -3.942316391239341e+16, 'z': -2.171141531173482e+17}",20000075,HOV-VI
DVWV-3,30000518,-0.3628852963447571,"{'x': 5.463081266208711e+16, 'y': -1.833138903501983e+16, 'z': -2.2285993928386845e+17}",20000075,HOV-VI
KE-0FB,30000519,-0.24853889644145966,"{'x': 5.296707322117449e+16, 'y': -2.907333148069778e+16, 'z': -2.2166389551038234e+17}",20000075,HOV-VI
I-9GI1,30000520,-0.20141160488128662,"{'x': 4.94829122809403e+16, 'y': -3.131819693196053e+16, 'z': -2.2100423811297094e+17}",20000075,HOV-VI
W6P-7U,30000521,-0.32279011607170105,"{'x': 1.2959436211996034e+17, 'y': -2.5995164819640836e+16, 'z': -2.074641862708303e+17}",20000076,NZU8-G
0IF-26,30000522,-0.3963358998298645,"{'x': 1.3714989870582235e+17, 'y': -2.736827066248098e+16, 'z': -2.1039336645024202e+17}",20000076,NZU8-G
H-93YV,30000523,-0.3275323212146759,"{'x': 1.2825068150879067e+17, 'y': -3.072733679164429e+16, 'z': -2.017427217797306e+17}",20000076,NZU8-G
E51-JE,30000524,-0.28010278940200806,"{'x': 1.2423201386198557e+17, 'y': -2.637835558509872e+16, 'z': -1.9899181227206432e+17}",20000076,NZU8-G
7-A6XV,30000525,-0.45205873250961304,"{'x': 1.3867677906368234e+17, 'y': -3.7817368882129704e+16, 'z': -2.0544411883449466e+17}",20000076,NZU8-G
QXE-1N,30000526,-0.3476313054561615,"{'x': 1.2727494532589294e+17, 'y': -3.70347662473693e+16, 'z': -1.9788051916421312e+17}",20000076,NZU8-G
U69-YC,30000527,-0.5164992213249207,"{'x': 1.4593033254719866e+17, 'y': -4.060971449203716e+16, 'z': -2.0260897363887347e+17}",20000076,NZU8-G
L-L7PE,30000528,-0.5593778491020203,"{'x': 1.4958610255094506e+17, 'y': -4.357495678137471e+16, 'z': -2.049826691144743e+17}",20000076,NZU8-G
NS2L-4,30002103,-0.5764338374137878,"{'x': -3178965432794342.0, 'y': -1.2168331449804312e+16, 'z': -2.1326061684609152e+17}",20000310,Q-IPAA
QI-S9W,30002104,-0.3419104218482971,"{'x': 1.3665761651710858e+16, 'y': -1.7100204621023928e+16, 'z': -2.1932658690918707e+17}",20000310,Q-IPAA
B-S347,30002105,-0.5810304284095764,"{'x': 3635192723952467.0, 'y': -1.3038415067234004e+16, 'z': -2.1400715838950826e+17}",20000310,Q-IPAA
PPFB-U,30002106,-0.0741661861538887,"{'x': 1.37726756835838e+16, 'y': -3.693614687733379e+16, 'z': -2.2337903711327373e+17}",20000310,Q-IPAA
AF0-V5,30002107,-0.39874979853630066,"{'x': 9930642733585522.0, 'y': -5657421740473990.0, 'z': -2.2125762200540195e+17}",20000310,Q-IPAA
B-A587,30002108,-0.23344926536083221,"{'x': 1.8009332600466172e+16, 'y': -2.3784621886034436e+16, 'z': -2.1692642156374173e+17}",20000310,Q-IPAA
Y19P-1,30002109,-0.17121785879135132,"{'x': 5337144682509738.0, 'y': 9751957987822700.0, 'z': -2.270162237675812e+17}",20000311,K-ZKBM
B9E-H6,30002110,-0.3654290437698364,"{'x': 2188921367504362.0, 'y': 4188987948995982.0, 'z': -2.182023163557164e+17}",20000311,K-ZKBM
SPBS-6,30002111,-0.18178018927574158,"{'x': 8807130853131467.0, 'y': 8236714149461847.0, 'z': -2.300061860652353e+17}",20000311,K-ZKBM
JDAS-0,30002112,-0.29311567544937134,"{'x': -149878399698404.0, 'y': 437372406510690.0, 'z': -2.245972249411922e+17}",20000311,K-ZKBM
A4B-V5,30002113,-0.1531849056482315,"{'x': 6435504485451907.0, 'y': 8497244425317292.0, 'z': -2.349880538591995e+17}",20000311,K-ZKBM
LN-56V,30002114,-0.21823929250240326,"{'x': 1.310614792802462e+16, 'y': 7111720643395436.0, 'z': -2.3329005366707066e+17}",20000311,K-ZKBM
Y2-QUV,30002115,-0.27849847078323364,"{'x': 3630537460711698.0, 'y': -1.0494372395540472e+16, 'z': -2.2802331475434192e+17}",20000311,K-ZKBM
O7-7UX,30002116,-0.257472962141037,"{'x': -3824328052173934.0, 'y': -1.1107408650047104e+16, 'z': -2.27410078945857e+17}",20000311,K-ZKBM
Z8-81T,30002117,-0.185620978474617,"{'x': -2.6789131915570844e+16, 'y': 2397866099580907.0, 'z': -1.98161947287327e+17}",20000312,MY-QQI
XD-JW7,30002118,-0.23678408563137054,"{'x': -3.5130596666269764e+16, 'y': -1.4560177181975306e+16, 'z': -1.9547415936946906e+17}",20000312,MY-QQI
DY-P7Q,30002119,-0.22725078463554382,"{'x': -1.7599960031340614e+16, 'y': 6982116601274712.0, 'z': -2.0195287694676397e+17}",20000312,MY-QQI
H-RXNZ,30002120,-0.20413927733898163,"{'x': -3.0706376483606516e+16, 'y': -3592703022007451.0, 'z': -1.971210737432847e+17}",20000312,MY-QQI
ZBP-TP,30002121,-0.09534655511379242,"{'x': -1.706814592390072e+16, 'y': 1.774807297080767e+16, 'z': -1.9567232290562512e+17}",20000312,MY-QQI
XVV-21,30002122,-0.3209789991378784,"{'x': -1.0660177128483752e+16, 'y': 3621535524390277.0, 'z': -2.1396591600826554e+17}",20000312,MY-QQI
GXK-7F,30002123,-0.32920703291893005,"{'x': -9333385956921896.0, 'y': 6530596616580578.0, 'z': -1.962320304289419e+17}",20000313,RTCU-5
EA-HSA,30002124,-0.5161587595939636,"{'x': -4294334913276345.0, 'y': 1179062896864740.0, 'z': -1.996999070288128e+17}",20000313,RTCU-5
78TS-Q,30002125,-0.18280810117721558,"{'x': -8901358953590517.0, 'y': 1.4233550254532518e+16, 'z': -1.9645133749073466e+17}",20000313,RTCU-5
WYF8-8,30002126,-0.604062020778656,"{'x': -718633643946310.0, 'y': -1664965669336242.0, 'z': -2.0060656259098035e+17}",20000313,RTCU-5
CJNF-J,30002127,-0.21921119093894958,"{'x': -4382482594880262.0, 'y': 1.3312907521951852e+16, 'z': -1.9589101199414022e+17}",20000313,RTCU-5
FYI-49,30002128,-0.6956156492233276,"{'x': 2303683526236418.0, 'y': -8288312032390197.0, 'z': -2.0643396541489514e+17}",20000313,RTCU-5
RF6T-8,30002129,-0.5938006043434143,"{'x': -1.930872878136173e+16, 'y': -1.4484583784190112e+16, 'z': -1.7375706605736653e+17}",20000314,C73-U5
ZJA-6U,30002130,-0.5704085826873779,"{'x': -2.520169934040686e+16, 'y': -2.1411965057437544e+16, 'z': -1.8175757306699894e+17}",20000314,C73-U5
94FR-S,30002131,-0.6199086308479309,"{'x': -1.972482181342269e+16, 'y': -1.6091407120457352e+16, 'z': -1.7723563948627094e+17}",20000314,C73-U5
Q-HJ97,30002132,-0.4164750874042511,"{'x': -2.2587496261830828e+16, 'y': -7142163633081786.0, 'z': -1.873742616046569e+17}",20000314,C73-U5
GM-0K7,30002133,-0.3868889808654785,"{'x': -2.5024541389021956e+16, 'y': -1.0756938628617824e+16, 'z': -1.9276998043721382e+17}",20000314,C73-U5
I-NGI8,30002134,-0.5880219340324402,"{'x': -2.072500841651579e+16, 'y': -1.5042606593704572e+16, 'z': -1.8093808121075706e+17}",20000314,C73-U5
R-ZUOL,30002135,-0.6392938494682312,"{'x': -1.6376881751625862e+16, 'y': -2.0926033867436876e+16, 'z': -1.859245102385102e+17}",20000314,C73-U5
E1F-LK,30002136,-0.4525584280490875,"{'x': -2.877124547304129e+16, 'y': -1.3366086502061324e+16, 'z': -1.7675189857560278e+17}",20000314,C73-U5
Z4-QLD,30002137,-0.28382012248039246,"{'x': -2.2777164500332656e+16, 'y': -1.9123908801131816e+16, 'z': -2.0756981561654368e+17}",20000314,C73-U5
QE-E1D,30002138,-0.27386799454689026,"{'x': 1.8963829619279744e+16, 'y': -1.8670505125740536e+16, 'z': -2.1892302071692845e+17}",20000315,K-N3MD
LK1K-5,30002139,-0.29833588004112244,"{'x': 2.239028911320461e+16, 'y': -1.2106803073244476e+16, 'z': -2.258780046671854e+17}",20000315,K-N3MD
REB-KR,30002140,-0.2711360454559326,"{'x': 2.3916511034833956e+16, 'y': -1.4944913300711496e+16, 'z': -2.1779701395204176e+17}",20000315,K-N3MD
Z-H2MA,30002141,-0.2729688584804535,"{'x': 2.542025784495983e+16, 'y': -1.820247440708011e+16, 'z': -2.287450784990209e+17}",20000315,K-N3MD
L-5JCJ,30002142,-0.25891461968421936,"{'x': 2.6589940262408964e+16, 'y': -1.4413945602685688e+16, 'z': -2.1246618234819907e+17}",20000315,K-N3MD
B-KDOZ,30002143,-0.25447288155555725,"{'x': 2.973271492619187e+16, 'y': -2.0247200409504332e+16, 'z': -2.2623906310323037e+17}",20000315,K-N3MD
4-GB14,30002144,-0.25096839666366577,"{'x': 3.0520796802644244e+16, 'y': -1.5109793539040384e+16, 'z': -2.1897385640281123e+17}",20000315,K-N3MD
PH-NFR,30002145,-0.24170944094657898,"{'x': 4362478917986612.0, 'y': 1.0515909322049544e+16, 'z': -2.183201727506839e+17}",20000316,4MY-AB
DW-N2S,30002146,-0.2137121856212616,"{'x': 8630341662773799.0, 'y': 1.2709910579749144e+16, 'z': -2.1622580134469936e+17}",20000316,4MY-AB
W-FHWJ,30002147,-0.23529641330242157,"{'x': 1.1629821857433612e+16, 'y': 9076461194263910.0, 'z': -2.2034552238999248e+17}",20000316,4MY-AB
X-6WC7,30002148,-0.3746655583381653,"{'x': 2120209047766994.0, 'y': 8050497958569265.0, 'z': -2.103836995774941e+17}",20000316,4MY-AB
D-BAMJ,30002149,-0.1330845206975937,"{'x': 8385234202830208.0, 'y': 1.82152443198996e+16, 'z': -2.1501220417805984e+17}",20000316,4MY-AB
JKWP-U,30002150,-0.2361844778060913,"{'x': 1.1641444727098538e+16, 'y': 1.1743204903800984e+16, 'z': -2.1366144629782992e+17}",20000316,4MY-AB
RHE7-W,30002151,-0.08303151279687881,"{'x': 1.987373873886561e+16, 'y': 2.496065782655865e+16, 'z': -2.252966239264985e+17}",20000316,4MY-AB
F76-8Q,30002152,-0.06021558865904808,"{'x': 1.807067199849794e+16, 'y': 2.693886505213564e+16, 'z': -2.1597159348779526e+17}",20000316,4MY-AB
O3Z5-G,30002153,-0.6473342776298523,"{'x': -1.6794464541509874e+16, 'y': -2.014639189625196e+16, 'z': -1.7028529033821923e+17}",20000317,Y46-EN
4DV-1T,30002154,-0.5864907503128052,"{'x': -1.1934236391510706e+16, 'y': -2.982444011819149e+16, 'z': -1.657259693539814e+17}",20000317,Y46-EN
XS-K1O,30002155,-0.5436621904373169,"{'x': -8567127193052074.0, 'y': -2.4028184267695308e+16, 'z': -1.6292988891861472e+17}",20000317,Y46-EN
FN-DSR,30002156,-0.39782440662384033,"{'x': -2120363081366735.0, 'y': -2.229743699213231e+16, 'z': -1.5843729437041338e+17}",20000317,Y46-EN
B-R5RB,30002157,-0.7081210613250732,"{'x': -1.347144757594185e+16, 'y': -2.455577703406999e+16, 'z': -1.7636746013795302e+17}",20000317,Y46-EN
7-ZT1Y,30002158,-0.30230534076690674,"{'x': -301521662356072.0, 'y': -1.7236238675631016e+16, 'z': -1.5516715461056275e+17}",20000317,Y46-EN
9-XN3F,30002159,-0.3494883179664612,"{'x': 3.5497702415706504e+16, 'y': -1.7645315105336348e+16, 'z': -2.284430953966752e+17}",20000318,EL8Z-M
AC-7LZ,30002160,-0.30144762992858887,"{'x': 3.838259816499838e+16, 'y': -1.7796016377253562e+16, 'z': -2.2385015370573338e+17}",20000318,EL8Z-M
LBA-SO,30002161,-0.2740895450115204,"{'x': 3.8547619188385176e+16, 'y': -1.5391192780119568e+16, 'z': -2.1940948365437187e+17}",20000318,EL8Z-M
Y-FZ5N,30002162,-0.4133743643760681,"{'x': 3.807971017289078e+16, 'y': -1.9114456628688324e+16, 'z': -2.329422963771832e+17}",20000318,EL8Z-M
E8-YS9,30002163,-0.3044363260269165,"{'x': 4.223701357727181e+16, 'y': -1.375030318900368e+16, 'z': -2.1947116330550368e+17}",20000318,EL8Z-M
U79-JF,30002164,-0.5555774569511414,"{'x': 3.824263449996103e+16, 'y': -1.46374898237452e+16, 'z': -2.373688854588405e+17}",20000318,EL8Z-M
B2-UQW,30002165,-0.37199896574020386,"{'x': 2.525915065450183e+16, 'y': -6221999427935804.0, 'z': -2.2925103703222915e+17}",20000319,YENX-U
U9U-TQ,30002166,-0.3452208340167999,"{'x': 2.5436659894449804e+16, 'y': 269758732174777.0, 'z': -2.2704339989255606e+17}",20000319,YENX-U
6-I162,30002167,-0.477304607629776,"{'x': 3.0060884659932976e+16, 'y': -8882653982354806.0, 'z': -2.333247190438052e+17}",20000319,YENX-U
08-N7Q,30002168,-0.7160186171531677,"{'x': 3.891763824173906e+16, 'y': -982752379758292.0, 'z': -2.4014058536411536e+17}",20000319,YENX-U
Y-C4AL,30002169,-0.6867532134056091,"{'x': 4.752208202857295e+16, 'y': 2969405082484805.0, 'z': -2.4238046012679587e+17}",20000319,YENX-U
CKX-RW,30002170,-0.6275157928466797,"{'x': 5.269480067125617e+16, 'y': 4685152704053903.0, 'z': -2.4438366571198067e+17}",20000319,YENX-U
8X6T-8,30002171,-0.6530265212059021,"{'x': 5.747111499446606e+16, 'y': -2773105600594519.0, 'z': -2.4890579057046768e+17}",20000319,YENX-U
W4E-IT,30002172,-0.597842812538147,"{'x': 3.948495640428583e+16, 'y': -1.616438107253506e+16, 'z': -2.4252372700783226e+17}",20000320,WTE-CK
OP9L-F,30002173,-0.5825048685073853,"{'x': 4.308778299052416e+16, 'y': -1.868918488902696e+16, 'z': -2.4592486245823024e+17}",20000320,WTE-CK
J-QA7I,30002174,-0.4805166721343994,"{'x': 4.659036175118347e+16, 'y': -2.4892137262203056e+16, 'z': -2.4733646131137392e+17}",20000320,WTE-CK
2O-EEW,30002175,-0.7616833448410034,"{'x': 4.276430323513088e+16, 'y': -7473596682696564.0, 'z': -2.4802706152964035e+17}",20000320,WTE-CK
Y-N4EF,30002176,-0.7871640920639038,"{'x': 3.917562015201293e+16, 'y': -2038538990682289.0, 'z': -2.483688597886059e+17}",20000320,WTE-CK
7YSF-E,30002177,-0.37514975666999817,"{'x': 4.491267744147339e+16, 'y': -2.968121200477508e+16, 'z': -2.447206967459618e+17}",20000320,WTE-CK
KCDX-7,30002178,-0.5791838765144348,"{'x': 5.883185609110947e+16, 'y': 3989476129538541.0, 'z': -2.4638843094487603e+17}",20000321,IJE6-J
O7-VJ5,30002179,-0.5687394142150879,"{'x': 6.414558674698831e+16, 'y': 1920905752914142.0, 'z': -2.502850488046977e+17}",20000321,IJE6-J
FRTC-5,30002180,-0.6019108295440674,"{'x': 6.5993769238944776e+16, 'y': -2242177359902445.0, 'z': -2.4429258817334224e+17}",20000321,IJE6-J
M-ZJWJ,30002181,-0.47310584783554077,"{'x': 6.030094488149671e+16, 'y': 6045110929426854.0, 'z': -2.3554268517073872e+17}",20000321,IJE6-J
R-ORB7,30002182,-0.5964125990867615,"{'x': 7.073593684215347e+16, 'y': -4520792623239358.0, 'z': -2.578693211632452e+17}",20000321,IJE6-J
RU-PT9,30002183,-0.6099379658699036,"{'x': 7.55489507049983e+16, 'y': -6274914671140191.0, 'z': -2.588278570810176e+17}",20000321,IJE6-J
DR-427,30002184,-0.6862135529518127,"{'x': 7.311103011519582e+16, 'y': -9897837065908814.0, 'z': -2.4780944653833725e+17}",20000321,IJE6-J
NI-J0B,30002185,-0.49374786019325256,"{'x': 5.449006181663057e+16, 'y': 4620865832298887.0, 'z': -2.327742516971005e+17}",20000321,IJE6-J
QN-6J2,30002186,-0.7225184440612793,"{'x': 7.88723686175867e+16, 'y': -1.7813654851733168e+16, 'z': -2.497470292121875e+17}",20000321,IJE6-J
WB-AYY,30004803,-0.05435335636138916,"{'x': -9958816628482608.0, 'y': 1.6424623782926576e+16, 'z': -2.3385137969276928e+17}",20000703,QP6B-I
BW-WJ2,30004804,-0.14332658052444458,"{'x': -1.1479745311922876e+16, 'y': 6647794719572849.0, 'z': -2.251067000384674e+17}",20000703,QP6B-I
S4-9DN,30004805,-0.093571238219738,"{'x': -8856423444235981.0, 'y': 8939571132983181.0, 'z': -2.3217773060355094e+17}",20000703,QP6B-I
DT-PXH,30004806,-0.11346109211444855,"{'x': -1.4682611471662724e+16, 'y': 6254588925630751.0, 'z': -2.448325941093902e+17}",20000703,QP6B-I
UALX-3,30004807,-0.18676190078258514,"{'x': -1.1048552389026524e+16, 'y': 1.1324142976656732e+16, 'z': -2.5406228004902275e+17}",20000703,QP6B-I
3L3N-X,30004808,-0.18109966814517975,"{'x': -1.8238821513211316e+16, 'y': 1.7208941018683486e+16, 'z': -2.5606572105289286e+17}",20000703,QP6B-I
Y-ORBJ,30004809,-0.2804367244243622,"{'x': -3102090711682729.0, 'y': 5354638639526692.0, 'z': -2.598150257758777e+17}",20000703,QP6B-I
6-IAFR,30004810,-0.24003903567790985,"{'x': 3197272670989734.0, 'y': 1.1734550099820074e+16, 'z': -2.5827050374301162e+17}",20000703,QP6B-I
4-P4FE,30004811,-0.3332476019859314,"{'x': -1.8453734709169348e+16, 'y': 1.9433903489727924e+16, 'z': -2.685983434942983e+17}",20000704,AU-S0B
RH0-EG,30004812,-0.3484763503074646,"{'x': -3.096996797558079e+16, 'y': 1.6603442123655692e+16, 'z': -2.7397406646653837e+17}",20000704,AU-S0B
D-9UEV,30004813,-0.3213723599910736,"{'x': -4.254593416902621e+16, 'y': 1.4185594325265302e+16, 'z': -2.7530368082113162e+17}",20000704,AU-S0B
H-HWQR,30004814,-0.3520292341709137,"{'x': -4.5353925309981416e+16, 'y': 1.1946701699168386e+16, 'z': -2.8083107217280208e+17}",20000704,AU-S0B
QRBN-M,30004815,-0.5087531208992004,"{'x': -1.6930578745882422e+16, 'y': 1.4106210492803466e+16, 'z': -2.757291703625736e+17}",20000704,AU-S0B
78R-PI,30004816,-0.4313262701034546,"{'x': -3.698070664740125e+16, 'y': 8879832120178528.0, 'z': -2.8306866631858806e+17}",20000704,AU-S0B
ZD1-Z2,30004817,-0.33831411600112915,"{'x': 1195347288910038.0, 'y': 1.066288087119994e+16, 'z': -2.65030075610452e+17}",20000705,CL-QB2
C-FD0D,30004818,-0.315514475107193,"{'x': 8115913580625585.0, 'y': 1.3490325306427702e+16, 'z': -2.6650720909307754e+17}",20000705,CL-QB2
S-9RCJ,30004819,-0.30447816848754883,"{'x': 1.2532429324613432e+16, 'y': 1.6837100933728268e+16, 'z': -2.7047165691271197e+17}",20000705,CL-QB2
ZMV9-A,30004820,-0.22774925827980042,"{'x': 1.629497633911527e+16, 'y': 1.9638803825538236e+16, 'z': -2.6287119953127123e+17}",20000705,CL-QB2
FE-6YQ,30004821,-0.19676804542541504,"{'x': 2.2868929902413964e+16, 'y': 2.3222616543880376e+16, 'z': -2.6680763254740416e+17}",20000705,CL-QB2
W-16DY,30004822,-0.2880069315433502,"{'x': 1.7345720907851876e+16, 'y': 1.6536388723668476e+16, 'z': -2.7231657297303184e+17}",20000705,CL-QB2
M-4KDB,30004823,-0.25235825777053833,"{'x': 1.6478874984742344e+16, 'y': 2.375051696273947e+16, 'z': -2.772759877257706e+17}",20000705,CL-QB2
C3-0YD,30004824,-0.5554526448249817,"{'x': -1.7412828059540274e+16, 'y': 2258417757479981.0, 'z': -2.757057756475324e+17}",20000706,E-IFSA
PDF-3Z,30004825,-0.5812636017799377,"{'x': -1.6060402018594578e+16, 'y': -4845006763355277.0, 'z': -2.7959194681044237e+17}",20000706,E-IFSA
9-MJVQ,30004826,-0.49126264452934265,"{'x': -1.631774756297757e+16, 'y': -1.2228186648213202e+16, 'z': -2.7853794868425658e+17}",20000706,E-IFSA
L2GN-K,30004827,-0.4460543394088745,"{'x': -6644226450318654.0, 'y': -1.6415876513654702e+16, 'z': -2.8187262254479338e+17}",20000706,E-IFSA
4-IT9G,30004828,-0.4647972881793976,"{'x': -1.5702199871106102e+16, 'y': -1.780570651064132e+16, 'z': -2.8540890293744547e+17}",20000706,E-IFSA
PEK-8Z,30004829,-0.7043089270591736,"{'x': -1.2911028279500908e+16, 'y': -2737460656886733.0, 'z': -2.9049765073804045e+17}",20000706,E-IFSA
2PG-KN,30004830,-0.7637772560119629,"{'x': -7890635532699983.0, 'y': 5804938395891099.0, 'z': -2.9233391516784454e+17}",20000706,E-IFSA
ABE-M2,30004831,-0.3563062846660614,"{'x': 1.4168550311354476e+16, 'y': 1.37580106570739e+16, 'z': -2.7579099715053808e+17}",20000707,ZQ7-QS
IL-YTR,30004832,-0.5895366072654724,"{'x': 1265896861649622.0, 'y': 1.1526568875616364e+16, 'z': -2.8091364521744874e+17}",20000707,ZQ7-QS
KW-OAM,30004833,-0.6499915719032288,"{'x': 780839595923515.0, 'y': 3700920808354846.0, 'z': -2.8360945207849136e+17}",20000707,ZQ7-QS
U2U5-A,30004834,-0.41747593879699707,"{'x': 1.4215321349440766e+16, 'y': 1.1189280352764398e+16, 'z': -2.823032030117579e+17}",20000707,ZQ7-QS
EQWO-Y,30004835,-0.355679452419281,"{'x': 1.9049696683989172e+16, 'y': 1.1582393555211316e+16, 'z': -2.8584507459417597e+17}",20000707,ZQ7-QS
JK-Q77,30004836,-0.6628912687301636,"{'x': 1100782268666484.0, 'y': 1056575423432124.0, 'z': -2.8652337419508054e+17}",20000707,ZQ7-QS
QI9-42,30004837,-0.307586133480072,"{'x': 2.267885152073944e+16, 'y': 1.135130959009219e+16, 'z': -2.8753902853050435e+17}",20000707,ZQ7-QS
YF-P4X,30004838,-0.23717692494392395,"{'x': 2.976568455375367e+16, 'y': 1.0075643175533464e+16, 'z': -2.8507646256474323e+17}",20000707,ZQ7-QS
JI1-SY,30004839,-0.22037343680858612,"{'x': 3.3763973785248428e+16, 'y': 8102147683010093.0, 'z': -2.8417389739930256e+17}",20000708,G3IP-E
X-1QGA,30004840,-0.16497468948364258,"{'x': 3.840384468623274e+16, 'y': -3091428591122083.0, 'z': -2.928169056818388e+17}",20000708,G3IP-E
CCE-0J,30004841,-0.19262801110744476,"{'x': 3.434103974583189e+16, 'y': -3228122963914563.0, 'z': -2.891667710090934e+17}",20000708,G3IP-E
T2-V8F,30004842,-0.2504565119743347,"{'x': 3.1978037420519724e+16, 'y': 595026399882833.0, 'z': -2.8208582343883158e+17}",20000708,G3IP-E
0VK-43,30004843,-0.13489383459091187,"{'x': 4.358591753643447e+16, 'y': -1.1442926476197268e+16, 'z': -2.91408690969983e+17}",20000708,G3IP-E
TY2X-C,30004844,-0.15557493269443512,"{'x': 4.149786196814472e+16, 'y': -2780326929718196.0, 'z': -2.9637460915973926e+17}",20000708,G3IP-E
Q0G-L8,30004845,-0.25330671668052673,"{'x': 5.366422837394874e+16, 'y': 2784693651547677.0, 'z': -3.058180992532512e+17}",20000709,50-5UD
Q5KZ-W,30004846,-0.4557075798511505,"{'x': 5.801689971960283e+16, 'y': 1.8548525498857388e+16, 'z': -3.068873701556959e+17}",20000709,50-5UD
WE-KK2,30004847,-0.39106133580207825,"{'x': 6.0889174829431016e+16, 'y': 2.2681989099972776e+16, 'z': -3.024908705032391e+17}",20000709,50-5UD
B8HU-Z,30004848,-0.3336167335510254,"{'x': 6.079443359020157e+16, 'y': 1.2048490590970404e+16, 'z': -3.036297370047111e+17}",20000709,50-5UD
16AM-3,30004849,-0.17264997959136963,"{'x': 7.024705350816397e+16, 'y': -3059057799027420.0, 'z': -3.0084361771514035e+17}",20000709,50-5UD
A-REKV,30004850,-0.2941502332687378,"{'x': 6.107084803433699e+16, 'y': 1.878570031405728e+16, 'z': -2.9829206355018496e+17}",20000709,50-5UD
BB-EKF,30004851,-0.16744939982891083,"{'x': 6.812385069076876e+16, 'y': -6666384839543882.0, 'z': -2.9333011804812134e+17}",20000709,50-5UD
DZ6-I5,30004852,-0.1863277405500412,"{'x': 7.375409050701456e+16, 'y': -7954657265603163.0, 'z': -3.164445379655958e+17}",20000710,F5-O9O
R-XDKM,30004853,-0.24161657691001892,"{'x': 6.735519452040969e+16, 'y': -6476601333920606.0, 'z': -3.208152887180091e+17}",20000710,F5-O9O
G1-0UI,30004854,-0.3335638642311096,"{'x': 7.562819110646456e+16, 'y': 2687943709528692.0, 'z': -3.1912978042161824e+17}",20000710,F5-O9O
QCDG-H,30004855,-0.12855446338653564,"{'x': 7.548808766177563e+16, 'y': -1.3999835781397492e+16, 'z': -3.153482527878281e+17}",20000710,F5-O9O
XUDX-A,30004856,-0.24745780229568481,"{'x': 7.814953077600429e+16, 'y': -2878662297608643.0, 'z': -3.20788039025235e+17}",20000710,F5-O9O
QLU-P0,30004857,-0.2671453058719635,"{'x': 8.013267428963691e+16, 'y': -1590895567850580.0, 'z': -3.243940621525127e+17}",20000710,F5-O9O
OQTY-Z,30004858,-0.3720929026603699,"{'x': 8.118716532319376e+16, 'y': 5246731187827237.0, 'z': -3.306923902902025e+17}",20000710,F5-O9O
Y-EQ0C,30004859,-0.07809774577617645,"{'x': 7.478384788276005e+16, 'y': -2.4443392010033244e+16, 'z': -3.1697578927460454e+17}",20000711,EIX-HK
7M4C-F,30004860,-0.08007156103849411,"{'x': 8.42482902244582e+16, 'y': -3.4383704663627532e+16, 'z': -3.1889489159646483e+17}",20000711,EIX-HK
MS1-KJ,30004861,-0.13406996428966522,"{'x': 9.238631107509195e+16, 'y': -3.497019968039346e+16, 'z': -3.243461544839834e+17}",20000711,EIX-HK
8-BEW8,30004862,-0.235945925116539,"{'x': 1.0558135708130181e+17, 'y': -4.583697417383019e+16, 'z': -3.331647555527248e+17}",20000711,EIX-HK
NZW-ZO,30004863,-0.3466687500476837,"{'x': 1.1142604109563075e+17, 'y': -4.085087605907789e+16, 'z': -3.2855611438846266e+17}",20000711,EIX-HK
WSK-1A,30004864,-0.45171988010406494,"{'x': 1.2717190558386717e+17, 'y': -4.667318229556041e+16, 'z': -3.2904031142244794e+17}",20000711,EIX-HK
5-NZNW,30004865,-0.2202347218990326,"{'x': 1.0980754615052634e+17, 'y': -5.807111904195667e+16, 'z': -3.367307281062402e+17}",20000711,EIX-HK
NR8S-Y,30004866,-0.157816082239151,"{'x': 8.93881385568028e+16, 'y': -1.9173979136838628e+16, 'z': -3.3134750116942125e+17}",20000712,BZZ-1U
F-ZBO0,30004867,-0.18929903209209442,"{'x': 9.358845365976874e+16, 'y': -2.1565589899043492e+16, 'z': -3.3154837201922477e+17}",20000712,BZZ-1U
3Q1T-O,30004868,-0.218379408121109,"{'x': 9.703799704263098e+16, 'y': -2.623341243804296e+16, 'z': -3.2843861112275744e+17}",20000712,BZZ-1U
8-4KME,30004869,-0.2718552350997925,"{'x': 1.0281568977536522e+17, 'y': -2.3831709141520404e+16, 'z': -3.148740904699065e+17}",20000712,BZZ-1U
T6GY-Y,30004870,-0.49331098794937134,"{'x': 1.1283237981611043e+17, 'y': -2.633639616986756e+16, 'z': -3.184133430211471e+17}",20000712,BZZ-1U
R1-IMO,30004871,-0.44352275133132935,"{'x': 1.1360916528212429e+17, 'y': -2.541340445421249e+16, 'z': -3.12027733466029e+17}",20000712,BZZ-1U
7KIK-H,30004872,-0.3191298842430115,"{'x': 1.0971242971295994e+17, 'y': -3.561444558552743e+16, 'z': -3.155576281322405e+17}",20000713,6I-3VX
B-6STA,30004873,-0.5961248874664307,"{'x': 1.1995866016434171e+17, 'y': -3.2553672603939692e+16, 'z': -3.217635545038095e+17}",20000713,6I-3VX
0P-U0Q,30004874,-0.48277440667152405,"{'x': 1.1982667130156261e+17, 'y': -3.478767414715752e+16, 'z': -3.1438191863181146e+17}",20000713,6I-3VX
XGH-SH,30004875,-0.7021631002426147,"{'x': 1.2940027426647752e+17, 'y': -3.1497227557031916e+16, 'z': -3.1724107651667725e+17}",20000713,6I-3VX
G-D0N3,30004876,-0.7208828330039978,"{'x': 1.3485375891745346e+17, 'y': -3.174576697731741e+16, 'z': -3.170395582670318e+17}",20000713,6I-3VX
T-AKQZ,30004877,-0.7034363746643066,"{'x': 1.3478779759183582e+17, 'y': -3.4857493840742016e+16, 'z': -3.212101738507191e+17}",20000713,6I-3VX
46DP-O,30004878,-0.6610867977142334,"{'x': 1.17150293824741e+17, 'y': -2.2030763007027156e+16, 'z': -3.211730365824168e+17}",20000714,W-3E44
9-980U,30004879,-0.744670569896698,"{'x': 1.2021014599447054e+17, 'y': -2.4813794583271932e+16, 'z': -3.28622266992765e+17}",20000714,W-3E44
EMIG-F,30004880,-0.6985877156257629,"{'x': 1.1920500456750229e+17, 'y': -2.4908100074715544e+16, 'z': -3.33616258842237e+17}",20000714,W-3E44
M-RPN3,30004881,-0.8977580070495605,"{'x': 1.255641736793401e+17, 'y': -2.067772850403466e+16, 'z': -3.284334613428722e+17}",20000714,W-3E44
ZO-P5K,30004882,-0.6645011305809021,"{'x': 1.2155634999778398e+17, 'y': -2.8627574236915336e+16, 'z': -3.378529681740124e+17}",20000714,W-3E44
JV1V-O,30004883,-1.0,"{'x': 1.3471595080340403e+17, 'y': -1.6892293476014038e+16, 'z': -3.2728723801272826e+17}",20000714,W-3E44
